{
  "accuracy": 0.6888888888888889,
  "auroc": 0.6511111111111111,
  "precision": 0.5454545454545454,
  "recall": 0.4,
  "f1": 0.46153846153846156
}