{
  "accuracy": 0.6444444444444445,
  "auroc": 0.6405555555555555,
  "precision": 0.4375,
  "recall": 0.23333333333333334,
  "f1": 0.30434782608695654
}