{
  "accuracy": 0.6333333333333333,
  "auroc": 0.6333333333333333,
  "precision": 0.42857142857142855,
  "recall": 0.3,
  "f1": 0.35294117647058826
}