{
  "accuracy": 0.6222222222222222,
  "auroc": 0.5333333333333333,
  "precision": 0.375,
  "recall": 0.2,
  "f1": 0.2608695652173913
}