{
  "accuracy": 0.6444444444444445,
  "auroc": 0.46777777777777774,
  "precision": 0.4,
  "recall": 0.13333333333333333,
  "f1": 0.2
}