{
  "accuracy": 0.5733333333333334,
  "auroc": 0.4873,
  "precision": 0.20833333333333334,
  "recall": 0.1,
  "f1": 0.13513513513513514
}