{
  "accuracy": 0.6222222222222222,
  "auroc": 0.5944444444444446,
  "precision": 0.3333333333333333,
  "recall": 0.13333333333333333,
  "f1": 0.19047619047619047
}