{
  "accuracy": 0.5111111111111111,
  "auroc": 0.4388888888888889,
  "precision": 0.23076923076923078,
  "recall": 0.2,
  "f1": 0.21428571428571427
}