{
  "accuracy": 0.6666666666666666,
  "auroc": 0.4655555555555555,
  "precision": 0.5,
  "recall": 0.13333333333333333,
  "f1": 0.21052631578947367
}