{
  "accuracy": 0.6,
  "auroc": 0.5566666666666666,
  "precision": 0.2857142857142857,
  "recall": 0.13333333333333333,
  "f1": 0.18181818181818182
}