{
  "accuracy": 0.7333333333333333,
  "auroc": 0.7122222222222223,
  "precision": 0.6153846153846154,
  "recall": 0.5333333333333333,
  "f1": 0.5714285714285714
}