{
  "accuracy": 0.6666666666666666,
  "auroc": 0.4333333333333333,
  "precision": 0.5,
  "recall": 0.06666666666666667,
  "f1": 0.11764705882352941
}