{
  "train_loss": [
    0.25449053991314785,
    0.05860325501443789,
    0.052393361981761005,
    0.04842926503521617,
    0.04521866677770539,
    0.04223074868058759,
    0.0394768712032135,
    0.036833478798311996,
    0.034584089063804446,
    0.03243063084486907,
    0.030616917091903534,
    0.028905237060058195,
    0.027403728638874393,
    0.026314609593829856,
    0.025531497330725794,
    0.02497065348100153,
    0.024554504901088462,
    0.024251354816943967,
    0.024039571862192743,
    0.02391027717802117
  ],
  "val_loss": [
    0.03586294185622753,
    0.02443923680819371,
    0.026236119871898573,
    0.02532781915675804,
    0.025585963824622374,
    0.017527499847994663,
    0.011528254551662908,
    0.012493790181658172,
    0.01424755746092248,
    0.010912847873271389,
    0.006996617797689727,
    0.009224983033228329,
    0.004326705213973999,
    0.004393542371976174,
    0.003352340566365815,
    0.003096645422563115,
    0.0027291775384396563,
    0.002551766099551458,
    0.002383209569978888,
    0.002312230467354966
  ],
  "recon_loss": [
    0.22052491497152749,
    0.03203408140891045,
    0.027359388831039527,
    0.02413529749198065,
    0.021400413798022173,
    0.018746449404501788,
    0.016243813040640372,
    0.01379094925281269,
    0.011706049499866414,
    0.009682166555775557,
    0.0079871689337124,
    0.006375675314762671,
    0.004964861942197881,
    0.003980951988225569,
    0.003307069504105518,
    0.0028511181642584533,
    0.002527909035621584,
    0.002299996183916443,
    0.0021414275325278855,
    0.0020413725823751534
  ],
  "sparsity_loss": [
    3.396562528606698,
    2.65691741920141,
    2.5033973709059034,
    2.4293968069611487,
    2.381825351226449,
    2.3484299793048464,
    2.3233058687133648,
    2.3042530063500113,
    2.287804008872204,
    2.274846481074903,
    2.2629748682494064,
    2.252956226770275,
    2.243886721958965,
    2.2333658122569453,
    2.222442834184851,
    2.211953582866023,
    2.2026596383612347,
    2.1951359139576234,
    2.189814483229142,
    2.1868905098033546
  ],
  "train_sparsity": [
    0.6284728954687592,
    0.6288613064933891,
    0.628556849129422,
    0.628398595446578,
    0.6283063305233012,
    0.6282732178781166,
    0.6282784743276403,
    0.6283142252083448,
    0.6283515629465364,
    0.6284118725220625,
    0.6284721210313612,
    0.6285527750899086,
    0.628637878631737,
    0.6286837682679758,
    0.6287069611983952,
    0.6287080709875675,
    0.6286968857050744,
    0.6286779162848828,
    0.6286605660527739,
    0.6286458019320186
  ],
  "sparsity": [
    0.6289695807508447,
    0.6285891331318669,
    0.6284364162884456,
    0.6282727664222678,
    0.627837709253418,
    0.6280887479762587,
    0.6281458733941198,
    0.6281089104481382,
    0.6281441954829621,
    0.6282288152624439,
    0.6284047820800465,
    0.6284150554872163,
    0.6285812712197537,
    0.628479492179449,
    0.6285212845654706,
    0.6285774304330669,
    0.6285377956314995,
    0.6285461505132125,
    0.6285420604360838,
    0.6284953713813503
  ],
  "lr": [
    0.0001,
    9.938441702975689e-05,
    9.755282581475769e-05,
    9.45503262094184e-05,
    9.045084971874738e-05,
    8.535533905932738e-05,
    7.938926261462366e-05,
    7.269952498697734e-05,
    6.545084971874738e-05,
    5.782172325201156e-05,
    5.000000000000001e-05,
    4.217827674798848e-05,
    3.454915028125264e-05,
    2.730047501302267e-05,
    2.0610737385376356e-05,
    1.464466094067263e-05,
    9.549150281252635e-06,
    5.4496737905816115e-06,
    2.4471741852423237e-06,
    6.155829702431171e-07
  ]
}