{
  "train_loss": [
    0.1901797042643766,
    0.0460850556914367,
    0.04239340469291106,
    0.03925931679280487,
    0.03645488404091002,
    0.033461904739245436,
    0.03081330294890358,
    0.02842417844740452,
    0.026272651562088228,
    0.024359310292997136,
    0.022891052434631905,
    0.02152698395649311,
    0.020488137557822892,
    0.019607878020108237,
    0.018925756578961755,
    0.01839760830807737,
    0.018026128912784063,
    0.017779085347719117,
    0.017625047397401714,
    0.017539202306194976
  ],
  "val_loss": [
    0.027795602121726576,
    0.02144106690638219,
    0.015060704322253066,
    0.023012708155898128,
    0.01690162498366691,
    0.0130534883174949,
    0.019424221004998174,
    0.009220540034876558,
    0.006770197409911552,
    0.00628612851702586,
    0.005520508760356707,
    0.004268836205976261,
    0.004204267916184068,
    0.003953828333329527,
    0.0026214585996197906,
    0.0022672341938932746,
    0.0020135270874367408,
    0.001912030187169441,
    0.0017924853707625595,
    0.001741247349268006
  ],
  "recon_loss": [
    0.16553843553052577,
    0.026729364928916276,
    0.024102965482338787,
    0.02149547464384447,
    0.019032102829532983,
    0.01626769679191353,
    0.013787558576712555,
    0.011519483947098421,
    0.009473944609153385,
    0.00765327419110352,
    0.0062790270929849405,
    0.005000859997013638,
    0.0040459542651174775,
    0.0032494242711265386,
    0.0026534166068873754,
    0.002207508268308859,
    0.001909379035132104,
    0.00172074011410922,
    0.0016077507251377689,
    0.0015439721766202217
  ],
  "sparsity_loss": [
    2.464126922334863,
    1.9355691205382601,
    1.8290439601417234,
    1.7763842523446332,
    1.7422781586663085,
    1.7194208324795084,
    1.702574474282912,
    1.6904694876294952,
    1.679870732437832,
    1.6706036473966903,
    1.6612025708957794,
    1.6526124327889273,
    1.6442183659260396,
    1.6358454118755836,
    1.6272340343644522,
    1.619010040909393,
    1.6116750247565619,
    1.6058345600031192,
    1.6017297040327485,
    1.5995230503543432
  ],
  "train_sparsity": [
    0.6207882434379332,
    0.6206304667896935,
    0.6201300994695454,
    0.6198630955632397,
    0.619699885920567,
    0.6196549180036781,
    0.6196701520260965,
    0.6197277937861078,
    0.619798587961678,
    0.6198914385117059,
    0.6199667872142928,
    0.6200818240703547,
    0.6201749379292104,
    0.6202890488007655,
    0.6203988349067542,
    0.6204786816996796,
    0.6205000395170431,
    0.6204911372388441,
    0.620460980940538,
    0.6204308156961577
  ],
  "sparsity": [
    0.6204781222904573,
    0.6203266610328302,
    0.6199057995129437,
    0.6195255581696463,
    0.6194517360406936,
    0.6190793118107255,
    0.6192434710534096,
    0.6196159259319671,
    0.6196621139356321,
    0.6197225962431725,
    0.6195432542687214,
    0.6199768714570548,
    0.6200485060848705,
    0.6200402211917273,
    0.6202341323924754,
    0.6203185241373033,
    0.6203236572575953,
    0.620185681379308,
    0.6202953225756948,
    0.6202405308725646
  ],
  "lr": [
    0.0001,
    9.938441702975689e-05,
    9.755282581475769e-05,
    9.45503262094184e-05,
    9.045084971874738e-05,
    8.535533905932738e-05,
    7.938926261462366e-05,
    7.269952498697734e-05,
    6.545084971874738e-05,
    5.782172325201156e-05,
    5.000000000000001e-05,
    4.217827674798848e-05,
    3.454915028125264e-05,
    2.730047501302267e-05,
    2.0610737385376356e-05,
    1.464466094067263e-05,
    9.549150281252635e-06,
    5.4496737905816115e-06,
    2.4471741852423237e-06,
    6.155829702431171e-07
  ]
}