{
  "train_loss": [
    0.07868277289490072,
    0.022967915642221094,
    0.019078744905486486,
    0.01631902012712819,
    0.014532968227964675,
    0.013183502228739217,
    0.012032725537678732,
    0.011177145720205615,
    0.010336813530434084,
    0.009669797275921849,
    0.009205985797264608,
    0.00880400769434013,
    0.008507258904334996,
    0.008234625140242448,
    0.008009786500244937,
    0.007851585425080682,
    0.007749936615196229,
    0.007682183188663192,
    0.007633277582058242,
    0.007606432501866307
  ],
  "val_loss": [
    0.010329021984102797,
    0.00867257080519518,
    0.004110735805953447,
    0.004339359724445302,
    0.0039065738881531465,
    0.005440923896965795,
    0.0038573356071247866,
    0.002373750843574672,
    0.0026789506873564762,
    0.0040720652751025386,
    0.0028009198049222016,
    0.0021994836970565266,
    0.001521897760120283,
    0.0012470915541970085,
    0.0011156994181924116,
    0.001042807011691871,
    0.0010286181348749554,
    0.000970069109207571,
    0.0009348120138079027,
    0.0009233213731480381
  ],
  "recon_loss": [
    0.06792464607722001,
    0.01482705962825883,
    0.011380678960281188,
    0.008817809888283668,
    0.00717589274081042,
    0.005935151227942577,
    0.004852699206114558,
    0.004057830046968561,
    0.0032793236463494724,
    0.002669394556361353,
    0.0022523432102407813,
    0.0018955289357482875,
    0.0016393423613197042,
    0.001401792572811804,
    0.0012087349750035839,
    0.0010755313641656072,
    0.0009963609123149364,
    0.0009436804631902836,
    0.0009043316492677572,
    0.0008831674005023313
  ],
  "sparsity_loss": [
    1.0758126782639297,
    0.8140856196411542,
    0.7698066118496735,
    0.7501210404183689,
    0.7357075653695543,
    0.724835116307159,
    0.718002649438535,
    0.7119315834435294,
    0.7057490040984599,
    0.7000402876484876,
    0.6953642741762681,
    0.6908478914041176,
    0.6867916694464317,
    0.6832832717771261,
    0.6801051677079183,
    0.6776054210894448,
    0.6753575853225484,
    0.6738502875001338,
    0.6728946081867592,
    0.6723265251623484
  ],
  "train_sparsity": [
    0.5568575294538504,
    0.5331632125874802,
    0.4903638342377416,
    0.4543959068655181,
    0.4311147106898238,
    0.41438178686466576,
    0.39758358492017426,
    0.3834255938745907,
    0.3730897300236507,
    0.36469074631492737,
    0.35570409309998563,
    0.3482586747940697,
    0.342444278668816,
    0.33726544400261677,
    0.33335239540310296,
    0.32975294882730255,
    0.32773039843521395,
    0.32612092727453373,
    0.32495098826376745,
    0.3245591632053663
  ],
  "sparsity": [
    0.548784743873443,
    0.511050915605243,
    0.4704989564101633,
    0.4415754655051579,
    0.42144581808949955,
    0.40604217788483304,
    0.38965918209492384,
    0.3776642003307016,
    0.36874384016568595,
    0.36008792241139925,
    0.35090919368466506,
    0.3456348937684296,
    0.33929548955963956,
    0.3350222702144082,
    0.33108856090806454,
    0.3284052063754587,
    0.326769737841742,
    0.3251997813235527,
    0.32460973847702235,
    0.3244143820732992
  ],
  "lr": [
    0.0001,
    9.938441702975689e-05,
    9.755282581475769e-05,
    9.45503262094184e-05,
    9.045084971874738e-05,
    8.535533905932738e-05,
    7.938926261462366e-05,
    7.269952498697734e-05,
    6.545084971874738e-05,
    5.782172325201156e-05,
    5.000000000000001e-05,
    4.217827674798848e-05,
    3.454915028125264e-05,
    2.730047501302267e-05,
    2.0610737385376356e-05,
    1.464466094067263e-05,
    9.549150281252635e-06,
    5.4496737905816115e-06,
    2.4471741852423237e-06,
    6.155829702431171e-07
  ]
}