{
  "train_loss": [
    0.3362774650925531,
    0.07075212505191789,
    0.0644182226515044,
    0.059817252296301554,
    0.05631540430400859,
    0.05268408720437767,
    0.04934375204472176,
    0.046211765834367445,
    0.04324689132537494,
    0.04060203909003313,
    0.038161321299083416,
    0.036116390962465994,
    0.03441828700745492,
    0.03306630084071432,
    0.03192502102389198,
    0.03117084917768008,
    0.030654351117226288,
    0.030278634687349436,
    0.030014675743875882,
    0.02985157046887642
  ],
  "val_loss": [
    0.05181592430306627,
    0.03246548982710218,
    0.034570243661800566,
    0.02535814355489893,
    0.018902205078497845,
    0.03130074270807224,
    0.017842435815015864,
    0.018906201058929612,
    0.012708232523413625,
    0.011224766389101583,
    0.009012038268417646,
    0.006563056689734961,
    0.005454616619766723,
    0.005186663005592997,
    0.0043410279993091735,
    0.003650315384460095,
    0.003454738504293354,
    0.003089525248305231,
    0.002910187837519333,
    0.0028133332921071973
  ],
  "recon_loss": [
    0.2934822271104991,
    0.03744904386936946,
    0.033141961111561084,
    0.02948702666967947,
    0.026586999293762972,
    0.023363666777920122,
    0.020331391794920318,
    0.01743940713680625,
    0.014661513438226534,
    0.012169556255695355,
    0.009858706053017318,
    0.007935557694480778,
    0.006351676611079786,
    0.005113717574548052,
    0.004080897078163054,
    0.003446113056855915,
    0.0030405622059265155,
    0.0027562251008061756,
    0.0025588453680115268,
    0.0024329114787267317
  ],
  "sparsity_loss": [
    4.279523765234002,
    3.330308192649084,
    3.1276262240419994,
    3.033022630086592,
    2.972840565941791,
    2.932042109883126,
    2.901236092401217,
    2.877235935842675,
    2.858537853362889,
    2.843248347686959,
    2.830261587605411,
    2.818083388633114,
    2.806661100504564,
    2.7952583870961343,
    2.784412455261484,
    2.7724736719197476,
    2.761378951161431,
    2.752241017976986,
    2.7455830971785202,
    2.741865958659193
  ],
  "train_sparsity": [
    0.6205755830098436,
    0.6210205694290082,
    0.620786880492355,
    0.6206850958761078,
    0.6206235127089973,
    0.620615666289092,
    0.6206247786483411,
    0.6206569752294817,
    0.6207035836891323,
    0.6207532949950525,
    0.6208113431135942,
    0.6208643639396849,
    0.6209119636919506,
    0.6209470287572557,
    0.6209711063256833,
    0.6209722545863463,
    0.6209644302651549,
    0.6209511977771743,
    0.6209377537995343,
    0.6209263101435636
  ],
  "sparsity": [
    0.6212438516191096,
    0.6207157791987439,
    0.6207022333303721,
    0.620614376602407,
    0.62040609055756,
    0.6205018002927746,
    0.6204763559253358,
    0.6205356509431179,
    0.6206031026026574,
    0.6206463711985727,
    0.6206658546440923,
    0.6207890953667544,
    0.6208163996461287,
    0.6208520642050273,
    0.6208722615034631,
    0.6208784398168943,
    0.6208895101483809,
    0.6208727459189043,
    0.6208474197391355,
    0.6208296552982804
  ],
  "lr": [
    0.0001,
    9.938441702975689e-05,
    9.755282581475769e-05,
    9.45503262094184e-05,
    9.045084971874738e-05,
    8.535533905932738e-05,
    7.938926261462366e-05,
    7.269952498697734e-05,
    6.545084971874738e-05,
    5.782172325201156e-05,
    5.000000000000001e-05,
    4.217827674798848e-05,
    3.454915028125264e-05,
    2.730047501302267e-05,
    2.0610737385376356e-05,
    1.464466094067263e-05,
    9.549150281252635e-06,
    5.4496737905816115e-06,
    2.4471741852423237e-06,
    6.155829702431171e-07
  ]
}