{
  "train_loss": [
    0.21891217929355267,
    0.053724580163451205,
    0.04802214212126498,
    0.04412872139309802,
    0.04100465672868445,
    0.03805980279162618,
    0.03565213529119231,
    0.03333296311532085,
    0.03127544261177034,
    0.029302390281677155,
    0.027488305703983775,
    0.0258707566858885,
    0.024642864060802506,
    0.023715482845981503,
    0.023019760990485905,
    0.022500091000952172,
    0.022119694158246453,
    0.021841151919710033,
    0.021648992200611228,
    0.021531983967420502
  ],
  "val_loss": [
    0.02640836751462554,
    0.0334456135335634,
    0.017588393878974127,
    0.018256730837692657,
    0.021650258109095488,
    0.01180897037438852,
    0.011934023395268379,
    0.01134074623602397,
    0.02047630600358678,
    0.008927135421551647,
    0.006806262302428987,
    0.00800718485891636,
    0.005690949442518847,
    0.004364870610687644,
    0.002985079156594143,
    0.002720908791824592,
    0.0025425818263931665,
    0.0023308835151917653,
    0.0022024863390511687,
    0.0021206258911587988
  ],
  "recon_loss": [
    0.18833798769486132,
    0.029860898361341603,
    0.025514972271700048,
    0.022276825565283036,
    0.01957351341684334,
    0.01692116422951312,
    0.014749509759621728,
    0.01261221439010684,
    0.010704324001646571,
    0.008852285393017991,
    0.007138646814930476,
    0.005612113719587686,
    0.004486413566741999,
    0.0036642258702406236,
    0.0030716307775283075,
    0.0026485481360418784,
    0.002353248868068196,
    0.0021430633622906764,
    0.0019988334877619656,
    0.0019080438846455496
  ],
  "sparsity_loss": [
    3.0574192342559514,
    2.3863682343968735,
    2.25071703734969,
    2.1851896333262966,
    2.143114378668946,
    2.1138639027538577,
    2.090262598569662,
    2.0720749166811805,
    2.057111904979802,
    2.0450105328197217,
    2.0349659337401182,
    2.0258643415835205,
    2.0156450938894017,
    2.0051257426086173,
    1.9948130663554464,
    1.9851543308235429,
    1.976644573388633,
    1.9698089003909662,
    1.9650159164665622,
    1.9623940524663634
  ],
  "train_sparsity": [
    0.6350441761733238,
    0.6352677084189524,
    0.6349234294215225,
    0.6347503547670897,
    0.6346497817788629,
    0.6346250500088861,
    0.6346101497530549,
    0.6346315068143443,
    0.6346594892430789,
    0.6347229025228824,
    0.6348024077942439,
    0.6348849232157447,
    0.634945771265324,
    0.6349888302893267,
    0.635014599223625,
    0.6350199298928182,
    0.6350081156746538,
    0.6349884687181544,
    0.6349668170640664,
    0.6349497469036384
  ],
  "sparsity": [
    0.6356315598307317,
    0.6349564047535535,
    0.6348998771661625,
    0.6345525746090572,
    0.6345252468781754,
    0.6345466697389862,
    0.634485588045674,
    0.6343801495028017,
    0.6343958518882639,
    0.6346470339733122,
    0.6346517926928759,
    0.6347760961134435,
    0.6348671433595661,
    0.6348562945670623,
    0.6348668674765172,
    0.6348834688872685,
    0.6348571790762038,
    0.6348454908020632,
    0.6348313135117575,
    0.6348253784047945
  ],
  "lr": [
    0.0001,
    9.938441702975689e-05,
    9.755282581475769e-05,
    9.45503262094184e-05,
    9.045084971874738e-05,
    8.535533905932738e-05,
    7.938926261462366e-05,
    7.269952498697734e-05,
    6.545084971874738e-05,
    5.782172325201156e-05,
    5.000000000000001e-05,
    4.217827674798848e-05,
    3.454915028125264e-05,
    2.730047501302267e-05,
    2.0610737385376356e-05,
    1.464466094067263e-05,
    9.549150281252635e-06,
    5.4496737905816115e-06,
    2.4471741852423237e-06,
    6.155829702431171e-07
  ]
}