{
  "train_loss": [
    0.018421195743294275,
    0.006254715106804506,
    0.005572024283031266,
    0.005230759791418858,
    0.005026956655275761,
    0.004874893259008013,
    0.004754341862619853,
    0.004650670513949264,
    0.004563678159088997,
    0.004490090163054976,
    0.004422549404922894,
    0.004364123832934076,
    0.004319122008733792,
    0.004279919682431895,
    0.004247509777172808,
    0.004221045758839015,
    0.0042005516089272405,
    0.00418387185256223,
    0.004172115560468474,
    0.00416257198252641
  ],
  "val_loss": [
    0.0034587018836997724,
    0.002557025539223462,
    0.002060004878023448,
    0.001962032839333046,
    0.0018781069579781298,
    0.0017987932498755262,
    0.001716815463528628,
    0.0016480565326808683,
    0.0015350059142975239,
    0.001475908173833435,
    0.001439541108804655,
    0.001415556686722842,
    0.0013733254546216427,
    0.0013323792608698553,
    0.0013284462842226398,
    0.0013001761529800747,
    0.0012748654035722228,
    0.0012640341000805851,
    0.0012493387276270296,
    0.0012468099074878264
  ],
  "recon_loss": [
    0.013493540220152518,
    0.0027604361546383184,
    0.002287315135868892,
    0.0020499157871048117,
    0.0019155795950462518,
    0.0018093087878458718,
    0.0017228388230616874,
    0.0016458043524345343,
    0.0015821864732092625,
    0.001526017282429838,
    0.001471781053660594,
    0.0014269765837691456,
    0.0013935728136998398,
    0.0013624676250601848,
    0.001337358642975918,
    0.0013162005542798573,
    0.0012992928583630723,
    0.0012848125935077553,
    0.0012743284802119914,
    0.0012651332561404176
  ],
  "sparsity_loss": [
    0.4927655624445505,
    0.3494279030397936,
    0.3284709219225876,
    0.31808440757480505,
    0.31113771297663045,
    0.3065584540148009,
    0.30315031077931387,
    0.3004866228948707,
    0.2981491753347572,
    0.2964072947136973,
    0.29507684164845405,
    0.29371473150408717,
    0.2925549260897729,
    0.29174521231364126,
    0.2910151198704604,
    0.29048452696608146,
    0.29012588155190644,
    0.2899059324544434,
    0.2897787146359166,
    0.28974387913421434
  ],
  "train_sparsity": [
    0.3781134727377638,
    0.2556017095225126,
    0.21227202299872047,
    0.1916136556534467,
    0.18023846262137347,
    0.17221055002373659,
    0.16620735781729448,
    0.16164446046760458,
    0.15865664765827087,
    0.15589739656995996,
    0.15333191796335435,
    0.15177043929621037,
    0.15061976959035095,
    0.1494662814322468,
    0.14863761566876915,
    0.14799217258438993,
    0.14742038307381353,
    0.14695399600803485,
    0.146648364213569,
    0.14647712503618304
  ],
  "sparsity": [
    0.2948244816279832,
    0.22735682318173397,
    0.199423340278594,
    0.1844714043252637,
    0.17560892037324938,
    0.1686032091291947,
    0.16324476582462996,
    0.15958203659334522,
    0.15691490485086318,
    0.15424311187915957,
    0.15207798217310567,
    0.15078898884468475,
    0.14970821319455288,
    0.14882817157670708,
    0.1479533504657533,
    0.14739873006379522,
    0.14685891577047167,
    0.14647458871289512,
    0.14629561195412571,
    0.14620484437256953
  ],
  "lr": [
    0.0001,
    9.938441702975689e-05,
    9.755282581475769e-05,
    9.45503262094184e-05,
    9.045084971874738e-05,
    8.535533905932738e-05,
    7.938926261462366e-05,
    7.269952498697734e-05,
    6.545084971874738e-05,
    5.782172325201156e-05,
    5.000000000000001e-05,
    4.217827674798848e-05,
    3.454915028125264e-05,
    2.730047501302267e-05,
    2.0610737385376356e-05,
    1.464466094067263e-05,
    9.549150281252635e-06,
    5.4496737905816115e-06,
    2.4471741852423237e-06,
    6.155829702431171e-07
  ]
}