{
  "train_loss": [
    0.29081302289961,
    0.06440780959131083,
    0.05783118296438994,
    0.05396834794624655,
    0.05049599238894417,
    0.04718285375159466,
    0.044249647551874265,
    0.04145217318676643,
    0.038780856376575995,
    0.036390787769045904,
    0.03426910482726453,
    0.032433358426582425,
    0.030863018397404664,
    0.02948871213056466,
    0.02852930297923534,
    0.027892157095379465,
    0.027422050451168318,
    0.02707981498868986,
    0.026840791606511153,
    0.026694476551488325
  ],
  "val_loss": [
    0.040564553882191934,
    0.0206452512577077,
    0.021907203736669514,
    0.024972386690117296,
    0.024814970917374574,
    0.017428183178594882,
    0.01576386163371905,
    0.014536200261353898,
    0.011119282993838957,
    0.013507215244694115,
    0.007721026147860842,
    0.006060390986443084,
    0.005396587162746279,
    0.005429123759226353,
    0.003998112694204738,
    0.003238244079044825,
    0.003017650124839447,
    0.0027695925013515046,
    0.002623353639603148,
    0.002525156038111287
  ],
  "recon_loss": [
    0.25250503958988296,
    0.03459428712033976,
    0.029785622528908356,
    0.026784627818806004,
    0.02384753397377399,
    0.020912014926967315,
    0.01826962134162387,
    0.015694506093531096,
    0.013200998682273549,
    0.010954528183417632,
    0.008960602493524119,
    0.007241138083606096,
    0.005780728871293194,
    0.004503627347577857,
    0.0036573169156171323,
    0.003135359076838392,
    0.0027683410690696945,
    0.002510340859835241,
    0.0023314687120400872,
    0.00221871928994236
  ],
  "sparsity_loss": [
    3.83079839707551,
    2.9813523136254085,
    2.8045561049340315,
    2.718372071506243,
    2.6648459012809345,
    2.627083941523198,
    2.598002680712906,
    2.5757667689842116,
    2.55798582914673,
    2.543626017245079,
    2.5308502922249194,
    2.5192220917918213,
    2.508229009282794,
    2.4985085337762576,
    2.4871986612726937,
    2.4756798552438153,
    2.4653709910264006,
    2.4569474655980037,
    2.450932341980506,
    2.44757577880849
  ],
  "train_sparsity": [
    0.6327663928387524,
    0.6331691971647021,
    0.6329065314743766,
    0.6327581386834111,
    0.6326973269366257,
    0.632679713642898,
    0.6326812129763795,
    0.6327061576117173,
    0.6327514823578616,
    0.6328017803419738,
    0.6328617695323008,
    0.6329239086241685,
    0.632994731772948,
    0.6330564646989156,
    0.6330796989316889,
    0.6330794768738472,
    0.6330672270349976,
    0.6330537582955292,
    0.6330388321004167,
    0.6330237922277161
  ],
  "sparsity": [
    0.6334740133137922,
    0.6330036899109697,
    0.6326536748622134,
    0.6325776106288409,
    0.6324795929938517,
    0.6325917566758832,
    0.6325957041532068,
    0.6325654158448283,
    0.632624725607479,
    0.6325854575826129,
    0.6327593994738349,
    0.632741110133954,
    0.6328746039533774,
    0.6329446745272578,
    0.6329499764892567,
    0.6329407876304545,
    0.6329513104805466,
    0.6329433308382051,
    0.6329211237547068,
    0.6329121136031025
  ],
  "lr": [
    0.0001,
    9.938441702975689e-05,
    9.755282581475769e-05,
    9.45503262094184e-05,
    9.045084971874738e-05,
    8.535533905932738e-05,
    7.938926261462366e-05,
    7.269952498697734e-05,
    6.545084971874738e-05,
    5.782172325201156e-05,
    5.000000000000001e-05,
    4.217827674798848e-05,
    3.454915028125264e-05,
    2.730047501302267e-05,
    2.0610737385376356e-05,
    1.464466094067263e-05,
    9.549150281252635e-06,
    5.4496737905816115e-06,
    2.4471741852423237e-06,
    6.155829702431171e-07
  ]
}