{
  "train_loss": [
    0.021941855216377464,
    0.007056739540298705,
    0.006204144022116757,
    0.005814157130489097,
    0.005558660534914532,
    0.005379161355392299,
    0.005241664856842744,
    0.005127300687707341,
    0.005026962245637899,
    0.0049405436719195655,
    0.0048690153804458024,
    0.004802940414384192,
    0.004748058458766355,
    0.0047029987171486745,
    0.004662683388600886,
    0.004629999276013375,
    0.004604185300952846,
    0.004583873553627951,
    0.004570248283204596,
    0.004562086221061309
  ],
  "val_loss": [
    0.0033381151043290324,
    0.0024618762097971636,
    0.002202509456858788,
    0.0021560150662929783,
    0.0019229041304902467,
    0.001841529751053315,
    0.0017519947459175992,
    0.0017065738766659294,
    0.0017190356175699928,
    0.0016118662844188788,
    0.0015490092950031812,
    0.0015225346984847309,
    0.00146423665392452,
    0.0014353709013183904,
    0.0013973830285447324,
    0.0013762483074487991,
    0.0013543439831098184,
    0.0013488001861784872,
    0.0013364262905221525,
    0.0013373529472516744
  ],
  "recon_loss": [
    0.016173682059173907,
    0.0030128090303445996,
    0.0024260932237818037,
    0.002174706641045847,
    0.0020049359292022145,
    0.0018923713721712345,
    0.0018091136234421434,
    0.001738542182174151,
    0.0016732569213152011,
    0.0016169847212216025,
    0.0015697007134567883,
    0.0015222937683044997,
    0.0014841002373153418,
    0.0014524545067229418,
    0.0014209710754991168,
    0.0013968247973288838,
    0.001376997956220545,
    0.0013618535683037102,
    0.0013514937772826673,
    0.0013449110603046524
  ],
  "sparsity_loss": [
    0.5768173287420544,
    0.4043930601149525,
    0.37780508826207626,
    0.36394505713120257,
    0.35537246850084864,
    0.34867900619802267,
    0.34325513105462957,
    0.3388758580206168,
    0.3353705398941248,
    0.3323559024288461,
    0.3299314740105461,
    0.3280646719219278,
    0.3263958293779758,
    0.32505442840560483,
    0.32417123853142576,
    0.32331745502775777,
    0.32271874168610476,
    0.322202005607733,
    0.32187545775828624,
    0.3217175233000435
  ],
  "train_sparsity": [
    0.40713426426491683,
    0.28037974245278213,
    0.2313504336609851,
    0.208661325648116,
    0.19439882575937478,
    0.18548145342363093,
    0.1796785360552088,
    0.1751528486855464,
    0.17147181794359978,
    0.16877982276074832,
    0.16653765863661577,
    0.16430467194286505,
    0.16272189503180015,
    0.161350708601427,
    0.1598221288933206,
    0.15882488432401298,
    0.15799683590648164,
    0.15761852616055005,
    0.15743076396916783,
    0.15735366633553935
  ],
  "sparsity": [
    0.32507956481614236,
    0.2478746118814508,
    0.2177468291875742,
    0.20017513802027756,
    0.18888408680589158,
    0.18213173702462124,
    0.17694093103252065,
    0.17304783372980886,
    0.16986459880175264,
    0.16760649427821125,
    0.16480775928826671,
    0.1631314257018308,
    0.16168150064066322,
    0.1603063297572115,
    0.15902949534175523,
    0.15816851727231807,
    0.15760457743293765,
    0.1571935195810321,
    0.1571319777548054,
    0.1569694209797177
  ],
  "lr": [
    0.0001,
    9.938441702975689e-05,
    9.755282581475769e-05,
    9.45503262094184e-05,
    9.045084971874738e-05,
    8.535533905932738e-05,
    7.938926261462366e-05,
    7.269952498697734e-05,
    6.545084971874738e-05,
    5.782172325201156e-05,
    5.000000000000001e-05,
    4.217827674798848e-05,
    3.454915028125264e-05,
    2.730047501302267e-05,
    2.0610737385376356e-05,
    1.464466094067263e-05,
    9.549150281252635e-06,
    5.4496737905816115e-06,
    2.4471741852423237e-06,
    6.155829702431171e-07
  ]
}