{
  "train_loss": [
    0.40286192345842253,
    0.08208189569563151,
    0.07438648700991418,
    0.06910214300628154,
    0.06488728022586053,
    0.06074347639568408,
    0.056926125706840185,
    0.053196009387449804,
    0.04971181774743541,
    0.04647732159750228,
    0.04361612658549102,
    0.04118501578913972,
    0.03921116084647573,
    0.03760561633264472,
    0.036409702070446866,
    0.03553646181303158,
    0.0349103087417729,
    0.03447836906296543,
    0.0341774398575208,
    0.033990111097559804
  ],
  "val_loss": [
    0.038231322494659256,
    0.047831490999919186,
    0.027485528827880037,
    0.030690231896797756,
    0.02900228625123886,
    0.027503563481890262,
    0.022246019121609204,
    0.02013846668735219,
    0.015605452684907161,
    0.012612445840083614,
    0.009291689226107925,
    0.009402775995235107,
    0.006994195636619148,
    0.005976615681740162,
    0.00478492435536055,
    0.004241935950488302,
    0.0037763160953608412,
    0.003446490080326931,
    0.0032955018992469774,
    0.00318411675339122
  ],
  "recon_loss": [
    0.35372280673293477,
    0.0440468814202986,
    0.03876942460567188,
    0.034604639318574236,
    0.031069304555241574,
    0.027393541985064815,
    0.023920620298713634,
    0.020446152773601404,
    0.01716325749203684,
    0.014086127236567951,
    0.0113595783266991,
    0.009052994999058026,
    0.007200165466200255,
    0.005715190613531622,
    0.0046448042688678895,
    0.003899674887956112,
    0.003394822996790301,
    0.0030650808430183855,
    0.00283914866751679,
    0.0026944433802190415
  ],
  "sparsity_loss": [
    4.9139117774870655,
    3.8035015133034578,
    3.561706315106314,
    3.449750443432847,
    3.3817976395019422,
    3.3349935158279336,
    3.3005506149068644,
    3.27498573600798,
    3.254856099782151,
    3.2391195112605025,
    3.225654900473713,
    3.2132021537557414,
    3.2010996125895126,
    3.1890426467614423,
    3.1764898539096738,
    3.1636787651781475,
    3.1515486476551766,
    3.1413288938280344,
    3.1338291905152382,
    3.129566843820258
  ],
  "train_sparsity": [
    0.6130066442657695,
    0.6134392618948391,
    0.6132376061446487,
    0.6131525583243582,
    0.6131082678851854,
    0.6131026205389272,
    0.613119166788959,
    0.613156721574998,
    0.6132072063342962,
    0.6132651561399277,
    0.6133223497037026,
    0.6133711541637435,
    0.6134110102298806,
    0.6134415502943881,
    0.6134557664500325,
    0.6134569277959143,
    0.6134498881777131,
    0.6134387257764946,
    0.6134263318766329,
    0.6134150300254914
  ],
  "sparsity": [
    0.6136011753920309,
    0.6132545751298166,
    0.6131513915607221,
    0.6130401961758912,
    0.6130155322801185,
    0.6129507496247788,
    0.6130010210421727,
    0.612992940518703,
    0.6131279891974849,
    0.6131342930786443,
    0.6132095483874811,
    0.6132776227623156,
    0.6133230968215759,
    0.6133365785108865,
    0.6133756047321055,
    0.6133637452375618,
    0.61336038319404,
    0.6133592567135226,
    0.6133293651595205,
    0.6133198929613708
  ],
  "lr": [
    0.0001,
    9.938441702975689e-05,
    9.755282581475769e-05,
    9.45503262094184e-05,
    9.045084971874738e-05,
    8.535533905932738e-05,
    7.938926261462366e-05,
    7.269952498697734e-05,
    6.545084971874738e-05,
    5.782172325201156e-05,
    5.000000000000001e-05,
    4.217827674798848e-05,
    3.454915028125264e-05,
    2.730047501302267e-05,
    2.0610737385376356e-05,
    1.464466094067263e-05,
    9.549150281252635e-06,
    5.4496737905816115e-06,
    2.4471741852423237e-06,
    6.155829702431171e-07
  ]
}