{
  "train_loss": [
    0.07094051385500433,
    0.01799162930851049,
    0.014339653828997321,
    0.012119517898612835,
    0.01087908609694365,
    0.009841117578731464,
    0.00891494126143792,
    0.008232884870599857,
    0.007689829903942019,
    0.007241034024085009,
    0.006864220306086852,
    0.006584323786092695,
    0.0063400185271220814,
    0.006126634220271802,
    0.005974949695137219,
    0.00587261911863343,
    0.005802671183792586,
    0.005754203396222759,
    0.005723453787572339,
    0.00570506498900367
  ],
  "val_loss": [
    0.026770774848534264,
    0.009249162549595165,
    0.0077925311683456275,
    0.0029169740138363866,
    0.008676607211048475,
    0.003504284496271893,
    0.004788127331267809,
    0.007791875341215501,
    0.0017843591417708922,
    0.0015463918885369788,
    0.0019529865947798615,
    0.0012867325596677187,
    0.0011019977000966072,
    0.0011203025147052833,
    0.001065187676376469,
    0.0008551857092576333,
    0.0008569183271438676,
    0.0008295886357180034,
    0.0007898660978951236,
    0.0007733226533970005
  ],
  "recon_loss": [
    0.06283480057466127,
    0.011887609473890528,
    0.008565136316513403,
    0.006527051112367463,
    0.005407938624089832,
    0.004460188575434584,
    0.0036075177287686728,
    0.002985418598684358,
    0.00248198689628987,
    0.002073231092252448,
    0.0017329803283234854,
    0.0014862950643661753,
    0.001269321718367739,
    0.0010852596529133782,
    0.0009596250538367044,
    0.0008767740356686963,
    0.0008215783744335742,
    0.0007829516119108555,
    0.0007587013747030356,
    0.0007438281162044726
  ],
  "sparsity_loss": [
    0.8105713243265348,
    0.6104019973323217,
    0.577451764013877,
    0.5592466910155217,
    0.5471147595588006,
    0.538092912354675,
    0.5307423649680582,
    0.5247466387428085,
    0.5207843122339818,
    0.5167803046088912,
    0.5131240091548331,
    0.5098028835233763,
    0.5070696920678186,
    0.5041374679777136,
    0.5015324752551373,
    0.49958451942104204,
    0.4981092921646075,
    0.4971251896646027,
    0.49647525239386,
    0.49612369856774763
  ],
  "train_sparsity": [
    0.5096266099619334,
    0.4158338973338449,
    0.3551131464519488,
    0.3225431133269628,
    0.3011965631831874,
    0.28583211828622057,
    0.27414050723121625,
    0.2652917271199797,
    0.25595367142838776,
    0.24872933691500693,
    0.2431682689702677,
    0.23892478441382067,
    0.23503875276670516,
    0.23241497707245426,
    0.23094004734623028,
    0.22955469123168162,
    0.22842316556100792,
    0.22747351995157306,
    0.2268930502497345,
    0.22667977289707758
  ],
  "sparsity": [
    0.4609936415371489,
    0.3781294053123564,
    0.33463256651558027,
    0.3105352403380188,
    0.2922509713729772,
    0.2791702484697233,
    0.26923494433222234,
    0.26054834942892097,
    0.2517151418595889,
    0.2451551539128197,
    0.2407365459353151,
    0.23680789413797365,
    0.23295652232806863,
    0.23161314154531254,
    0.22997334863667476,
    0.22869884893088488,
    0.22767170919469934,
    0.22696204408412396,
    0.22653925266373215,
    0.22647213031642424
  ],
  "lr": [
    0.0001,
    9.938441702975689e-05,
    9.755282581475769e-05,
    9.45503262094184e-05,
    9.045084971874738e-05,
    8.535533905932738e-05,
    7.938926261462366e-05,
    7.269952498697734e-05,
    6.545084971874738e-05,
    5.782172325201156e-05,
    5.000000000000001e-05,
    4.217827674798848e-05,
    3.454915028125264e-05,
    2.730047501302267e-05,
    2.0610737385376356e-05,
    1.464466094067263e-05,
    9.549150281252635e-06,
    5.4496737905816115e-06,
    2.4471741852423237e-06,
    6.155829702431171e-07
  ]
}