{
  "train_loss": [
    0.10941836546600048,
    0.029052568912656195,
    0.026280830517677704,
    0.023983122740762673,
    0.021853797292318112,
    0.020016401456400344,
    0.018374841027615944,
    0.01681753155440999,
    0.015573310560065315,
    0.01451643682618348,
    0.013651218872544637,
    0.012834583757508072,
    0.012266926324475918,
    0.01178677009759422,
    0.011409003927786326,
    0.01113144948429486,
    0.010933755841742257,
    0.010807107719813348,
    0.010721719541002348,
    0.010672820245467915
  ],
  "val_loss": [
    0.02492293922278728,
    0.013673171405074128,
    0.013655738107050988,
    0.007390484321518425,
    0.01673342186426775,
    0.00849240218248932,
    0.005973792841110496,
    0.009954754979821172,
    0.004889402386355248,
    0.0052506107456117765,
    0.0036887773516332744,
    0.003963807061960005,
    0.0025514762320711323,
    0.002373173879203381,
    0.0019017150477275355,
    0.0015551154657790472,
    0.0014033893100456561,
    0.0013794859766110303,
    0.001303495421718442,
    0.0012716637367640434
  ],
  "recon_loss": [
    0.09466756668727956,
    0.017559995347938603,
    0.015461032559265928,
    0.013499559775979547,
    0.011575947041765736,
    0.009878041786495852,
    0.008332020780820567,
    0.006843761329096722,
    0.005661675738265954,
    0.004654469400850377,
    0.00384256000040903,
    0.0030758321118568,
    0.0025648761657050966,
    0.0021373375422875174,
    0.0018115474942318566,
    0.0015748096685565378,
    0.0014100561797080191,
    0.0013086844847595466,
    0.0012384097850660105,
    0.0011982563683820434
  ],
  "sparsity_loss": [
    1.4750799512064385,
    1.1492573829000405,
    1.0819798202933426,
    1.0483563193761285,
    1.0277850473923313,
    1.0138359895349591,
    1.0042820470991767,
    0.9973770447063528,
    0.991163504636245,
    0.9861967647896901,
    0.9808659096263522,
    0.9758751870376705,
    0.9702050380667812,
    0.9649432778482064,
    0.9597456654025229,
    0.9556640038642858,
    0.9523699883185884,
    0.9498423456155249,
    0.9483309974527478,
    0.9474564095964234
  ],
  "train_sparsity": [
    0.5862676046686558,
    0.5839762917475055,
    0.5815421618375336,
    0.5774609872334954,
    0.5713684030732183,
    0.562333316647879,
    0.5520156531565272,
    0.543363843185922,
    0.5344793259550112,
    0.5256456155123768,
    0.5182441265520241,
    0.5107298712979896,
    0.5039893726517454,
    0.49799952910162254,
    0.4937532596330845,
    0.4892809217000277,
    0.4853366485236711,
    0.48256851270779216,
    0.4803634779233069,
    0.4793853691401918
  ],
  "sparsity": [
    0.5852409190124,
    0.5832497118592231,
    0.5801423002338434,
    0.5747076824791567,
    0.5658403910099926,
    0.5565821143268899,
    0.548048666597602,
    0.5395375358597889,
    0.5289676664704465,
    0.5212770419280588,
    0.5145409104616083,
    0.5066707327744637,
    0.5000035062824927,
    0.4949940121914914,
    0.49132052159242295,
    0.4866844086764139,
    0.48358947258222496,
    0.48094155055600135,
    0.4796028431494482,
    0.479053246003644
  ],
  "lr": [
    0.0001,
    9.938441702975689e-05,
    9.755282581475769e-05,
    9.45503262094184e-05,
    9.045084971874738e-05,
    8.535533905932738e-05,
    7.938926261462366e-05,
    7.269952498697734e-05,
    6.545084971874738e-05,
    5.782172325201156e-05,
    5.000000000000001e-05,
    4.217827674798848e-05,
    3.454915028125264e-05,
    2.730047501302267e-05,
    2.0610737385376356e-05,
    1.464466094067263e-05,
    9.549150281252635e-06,
    5.4496737905816115e-06,
    2.4471741852423237e-06,
    6.155829702431171e-07
  ]
}