{
  "train_loss": [
    0.09795864356737588,
    0.026897442673055407,
    0.023735764203699734,
    0.021287113942386197,
    0.01907370198700234,
    0.01731017464133528,
    0.015878771727812928,
    0.014643684929975536,
    0.013462114305294664,
    0.012566678216124312,
    0.011736114778296105,
    0.011064046642652429,
    0.010523616709720561,
    0.010107445412720177,
    0.009768940196858785,
    0.009521422213563615,
    0.009334550812960956,
    0.009202641569018675,
    0.009143063789316588,
    0.009114387516209329
  ],
  "val_loss": [
    0.017616908544144168,
    0.0074324754328126495,
    0.015043627447859654,
    0.008823122463602907,
    0.01227699360456656,
    0.012186644618735613,
    0.016622784338323517,
    0.005097150203113602,
    0.004406809901111504,
    0.003598221780246957,
    0.0030320429997628255,
    0.00236254387555287,
    0.002379622649639439,
    0.0016369216208889162,
    0.0013532486632128,
    0.0012253753747528977,
    0.0011142711829515372,
    0.0010858838170722516,
    0.0010540010501973924,
    0.0010308235247865922
  ],
  "recon_loss": [
    0.08495403819331629,
    0.01696036799883389,
    0.014422644350082982,
    0.012257017377276741,
    0.010199860094342959,
    0.008553204304632198,
    0.007202771904380552,
    0.006034762977721098,
    0.004911896626984021,
    0.0040664803869434,
    0.0032743786218687523,
    0.0026530244534874146,
    0.0021622105237361893,
    0.0017866431585190838,
    0.001488003121620212,
    0.0012759301621850293,
    0.001120319965603238,
    0.001014097736682373,
    0.0009726616642478445,
    0.0009537733008035613
  ],
  "sparsity_loss": [
    1.3004605564967793,
    0.9937074894485285,
    0.9313120064684429,
    0.9030096759967841,
    0.8873842087791037,
    0.8756970522153683,
    0.8676000011316879,
    0.8608922137247043,
    0.855021785967876,
    0.8500198015614544,
    0.8461736342376962,
    0.8411022375199904,
    0.836140637088787,
    0.8320802439151966,
    0.8280937260572167,
    0.8245492235794457,
    0.8214231032450461,
    0.8188544018123599,
    0.8170402312669787,
    0.8160614399560221
  ],
  "train_sparsity": [
    0.572141976131177,
    0.5665090604354439,
    0.5565779190475898,
    0.5384005854964588,
    0.5179892207327893,
    0.5022748303057507,
    0.4867822796384047,
    0.4744940197464433,
    0.4649225373890291,
    0.4561495648226529,
    0.445837201471795,
    0.4373682073201163,
    0.4301742681639158,
    0.4226237480135591,
    0.41647112491576704,
    0.4119061173021429,
    0.40865741666238947,
    0.4066643363667428,
    0.40578741286185616,
    0.4055379558359532
  ],
  "sparsity": [
    0.5695753004368567,
    0.5631291456739749,
    0.548544366224308,
    0.528484908111506,
    0.5103765097717154,
    0.4936455330692554,
    0.47900320868962987,
    0.46911226830143365,
    0.4600070310038476,
    0.45059080365125587,
    0.44128114968561155,
    0.4331864926799175,
    0.4265776944300744,
    0.41815087385237387,
    0.41367561345546866,
    0.40952317871441163,
    0.40731697581588355,
    0.40583637531348343,
    0.40546306839651636,
    0.4052978973920524
  ],
  "lr": [
    0.0001,
    9.938441702975689e-05,
    9.755282581475769e-05,
    9.45503262094184e-05,
    9.045084971874738e-05,
    8.535533905932738e-05,
    7.938926261462366e-05,
    7.269952498697734e-05,
    6.545084971874738e-05,
    5.782172325201156e-05,
    5.000000000000001e-05,
    4.217827674798848e-05,
    3.454915028125264e-05,
    2.730047501302267e-05,
    2.0610737385376356e-05,
    1.464466094067263e-05,
    9.549150281252635e-06,
    5.4496737905816115e-06,
    2.4471741852423237e-06,
    6.155829702431171e-07
  ]
}