{
  "train_loss": [
    0.20518415148545116,
    0.050285854142761495,
    0.04661922786105005,
    0.04302151949578544,
    0.04003246419375754,
    0.03715250340807384,
    0.03425950070842649,
    0.03169533187108978,
    0.029382030345997744,
    0.027261309114880186,
    0.02536835691809517,
    0.023945894262553447,
    0.02271393340307518,
    0.021742502650836104,
    0.020988649659590974,
    0.020434164397124737,
    0.020013823177000196,
    0.019744803099962134,
    0.019574722756713767,
    0.019478214495100725
  ],
  "val_loss": [
    0.025406832165632994,
    0.029437434529119913,
    0.021020915851484908,
    0.026786187111885386,
    0.020096048503784412,
    0.011999479439952972,
    0.012111304041348926,
    0.011220241547175025,
    0.024145634777235934,
    0.006980863897033163,
    0.007812592534009576,
    0.004928676490310983,
    0.0035355215567340666,
    0.003523169103401136,
    0.0032198241420793514,
    0.002346435659727042,
    0.002176275409328763,
    0.002089988619305816,
    0.0019112136369983503,
    0.001864012853790672
  ],
  "recon_loss": [
    0.17772347886479856,
    0.028741917141792285,
    0.02629723466353829,
    0.02327684541794848,
    0.02065177612526967,
    0.01802729934308664,
    0.015327053681073507,
    0.012906564291308164,
    0.010710557606805888,
    0.008680477896554276,
    0.0068705679220559404,
    0.0055394441443847985,
    0.004397661446687433,
    0.0035150810450153246,
    0.0028503713724080757,
    0.002384439502796611,
    0.002044128004763653,
    0.0018400456388759875,
    0.0017159721087991813,
    0.001644452835549892
  ],
  "sparsity_loss": [
    2.746067296544939,
    2.1543937488186033,
    2.032199364920334,
    1.9744674526615502,
    1.9380688516339382,
    1.9125204504183142,
    1.8932447470007234,
    1.8788768021174487,
    1.8671473177689508,
    1.8580831648033296,
    1.8497789420629118,
    1.8406450534977075,
    1.8316272366702169,
    1.8227422007363503,
    1.8138278680480702,
    1.8049725285781897,
    1.79696955500192,
    1.7904757840981218,
    1.785875102492597,
    1.7833762036515124
  ],
  "train_sparsity": [
    0.6264708955389192,
    0.6265755717565779,
    0.6261403556858057,
    0.6259401569313546,
    0.6258251585251123,
    0.6257746508195268,
    0.6257712513722873,
    0.6258319873679917,
    0.6259093962938644,
    0.6260367240415132,
    0.6261837213363852,
    0.6262803989890731,
    0.6264174317882427,
    0.62652911145615,
    0.626620340229625,
    0.6266703332140843,
    0.6266984127566051,
    0.6266895945238286,
    0.6266653577287623,
    0.6266372419059211
  ],
  "sparsity": [
    0.6267397041118307,
    0.6263699209668747,
    0.625698648059603,
    0.6259069839960841,
    0.6255971353875612,
    0.625548623656641,
    0.6255386009427342,
    0.6256556871236819,
    0.6257394490933657,
    0.6259890751449554,
    0.6259099085119321,
    0.6260997803048363,
    0.6263306881802623,
    0.6263788711173848,
    0.6264331309073842,
    0.6265216737977987,
    0.6265292775146063,
    0.626535999710891,
    0.6265124008154802,
    0.6264737244456221
  ],
  "lr": [
    0.0001,
    9.938441702975689e-05,
    9.755282581475769e-05,
    9.45503262094184e-05,
    9.045084971874738e-05,
    8.535533905932738e-05,
    7.938926261462366e-05,
    7.269952498697734e-05,
    6.545084971874738e-05,
    5.782172325201156e-05,
    5.000000000000001e-05,
    4.217827674798848e-05,
    3.454915028125264e-05,
    2.730047501302267e-05,
    2.0610737385376356e-05,
    1.464466094067263e-05,
    9.549150281252635e-06,
    5.4496737905816115e-06,
    2.4471741852423237e-06,
    6.155829702431171e-07
  ]
}