{
  "train_loss": [
    0.07976975617527726,
    0.020785317871299624,
    0.016736346389870087,
    0.014352535797664401,
    0.012677661795847586,
    0.011556695271355876,
    0.01060304721628481,
    0.009828204777150835,
    0.009147425325200525,
    0.008584583657907447,
    0.008140856866157157,
    0.007787913562709036,
    0.0075161780391865855,
    0.007265531389969367,
    0.007087042721438164,
    0.006958953141595771,
    0.006875997806505787,
    0.006817372891846914,
    0.006773055095183134,
    0.006750832973361366
  ],
  "val_loss": [
    0.0059815006031366256,
    0.01771852076983989,
    0.004418214808684438,
    0.0047129306113230665,
    0.01118304357602125,
    0.003397394106918734,
    0.002394290669302054,
    0.004015183393731732,
    0.002213348984174158,
    0.002407894717846528,
    0.0015139153459534406,
    0.00159276168739893,
    0.001376511335241172,
    0.0011344791364717402,
    0.0011140364544611708,
    0.0009505935349451279,
    0.000929497708248422,
    0.0008816283681900111,
    0.0008467244849921852,
    0.0008325154326688646
  ],
  "recon_loss": [
    0.07022559662026878,
    0.013586205561959582,
    0.009907001193532753,
    0.007701956012174141,
    0.0061544807707144275,
    0.005128004659592277,
    0.004263118839271054,
    0.0035521438005460346,
    0.00292228111939768,
    0.0024071965123609925,
    0.002004910520468723,
    0.0016919085403862444,
    0.0014526737670517475,
    0.0012327741978369969,
    0.0010761297315033413,
    0.0009706344575086024,
    0.0009032941408852823,
    0.0008546649060712313,
    0.0008175414620623903,
    0.0007999394241147087
  ],
  "sparsity_loss": [
    0.9544159538470226,
    0.7199112471764043,
    0.6829345346352731,
    0.665057993311452,
    0.6523181171494096,
    0.6428690755583346,
    0.6339928520157292,
    0.6276061119522408,
    0.6225144344543693,
    0.6177387281990254,
    0.6135946481505776,
    0.6096005156094064,
    0.6063504408667646,
    0.6032757325635829,
    0.6010913120894771,
    0.5988318816789318,
    0.5972703798177899,
    0.5962708117043294,
    0.5955513765282122,
    0.595089368112627
  ],
  "train_sparsity": [
    0.5374220069473243,
    0.488358334985841,
    0.43514545117467396,
    0.3974948144084897,
    0.3735656866524903,
    0.3543944554417721,
    0.3434603440082865,
    0.333040128286417,
    0.323117494753688,
    0.31485829550160604,
    0.30755226714779094,
    0.3017229732119075,
    0.2961203739348437,
    0.29196153745440057,
    0.2877522571486078,
    0.28480732571054235,
    0.2826376200470338,
    0.2807195971029837,
    0.2793758273207365,
    0.2789328431070055
  ],
  "sparsity": [
    0.5197793179138995,
    0.4590818998941103,
    0.4131210935667794,
    0.3859511893342663,
    0.36150337361136675,
    0.34835904065103107,
    0.337763469209754,
    0.3277468596937468,
    0.31851979367383515,
    0.3111072439966253,
    0.3041068571520815,
    0.29877353135384876,
    0.2934924521831089,
    0.2896441713063178,
    0.2858992105525727,
    0.28381440060984664,
    0.28153987532687874,
    0.2794932881167674,
    0.2789520983059835,
    0.27867273536140763
  ],
  "lr": [
    0.0001,
    9.938441702975689e-05,
    9.755282581475769e-05,
    9.45503262094184e-05,
    9.045084971874738e-05,
    8.535533905932738e-05,
    7.938926261462366e-05,
    7.269952498697734e-05,
    6.545084971874738e-05,
    5.782172325201156e-05,
    5.000000000000001e-05,
    4.217827674798848e-05,
    3.454915028125264e-05,
    2.730047501302267e-05,
    2.0610737385376356e-05,
    1.464466094067263e-05,
    9.549150281252635e-06,
    5.4496737905816115e-06,
    2.4471741852423237e-06,
    6.155829702431171e-07
  ]
}