{
  "train_loss": [
    0.7125651033897242,
    0.13024231849907417,
    0.11470201679390958,
    0.10482803323870715,
    0.09660325297446568,
    0.0894185169529595,
    0.0825127027020858,
    0.07616991373212681,
    0.07032275726051901,
    0.0650435920033415,
    0.06040053761470564,
    0.05633319458755156,
    0.053034347889333464,
    0.05043521705410996,
    0.04849611309914236,
    0.04714234231297675,
    0.046272449310060235,
    0.045700490979904106,
    0.04530444728627784,
    0.04506239643114919
  ],
  "val_loss": [
    0.094664925063707,
    0.05720706576332316,
    0.045035094464944435,
    0.044755124406692284,
    0.050200764019300514,
    0.041359089961550397,
    0.03649787674425706,
    0.0355946606219989,
    0.04129251979156113,
    0.01889230396210705,
    0.015288960653692903,
    0.010777595025304029,
    0.008710837675566813,
    0.008935273025874844,
    0.006965466051610951,
    0.005646336927698355,
    0.004893609466034529,
    0.004455041715604377,
    0.004238077280067296,
    0.00409391746973849
  ],
  "recon_loss": [
    0.6425930135477689,
    0.07674267336770133,
    0.06527503502393989,
    0.057598237622784,
    0.05075108948855728,
    0.04448168705843363,
    0.038211009471077355,
    0.0322977921223488,
    0.026756008448878495,
    0.021701004909280886,
    0.01723592994738006,
    0.013322544803570811,
    0.01018352747014518,
    0.007742668398926612,
    0.005964164144994808,
    0.004780038139112502,
    0.004086959383805661,
    0.003678504984119488,
    0.0034018473884280453,
    0.0032257946155312216
  ],
  "sparsity_loss": [
    6.99720932020808,
    5.3499646316404625,
    4.942698287609427,
    4.722979667123747,
    4.585216453556921,
    4.493683095515258,
    4.430169425007214,
    4.38721226242883,
    4.356674980152171,
    4.334258806945941,
    4.316460862321153,
    4.301065071911204,
    4.28508213426085,
    4.269254957289864,
    4.25319498529378,
    4.236230507286343,
    4.218549082195796,
    4.202198688910911,
    4.19026007877917,
    4.183660271554236
  ],
  "train_sparsity": [
    0.579333277730478,
    0.5797973473963096,
    0.5797237146448438,
    0.579690641278592,
    0.5796946647381924,
    0.5797224594984177,
    0.5797712394069185,
    0.579834397358409,
    0.579900974952023,
    0.5799686808714669,
    0.5800317903932807,
    0.5800881208406726,
    0.580134084731094,
    0.5801684687036537,
    0.5801913349779535,
    0.5802031736978953,
    0.5802043606900998,
    0.5801984999479445,
    0.5801919865171907,
    0.5801868167914542
  ],
  "sparsity": [
    0.5798295293204404,
    0.5796295548680799,
    0.5796399418580072,
    0.5796519303968356,
    0.5795672889041242,
    0.5796076776762392,
    0.5796903116406001,
    0.5797422239163794,
    0.5798394980104905,
    0.5798956617945508,
    0.5799257745978228,
    0.579991166641658,
    0.5800425350955759,
    0.5800801860337734,
    0.5801036743655416,
    0.5801141402489025,
    0.5801047049662926,
    0.5801092244743783,
    0.5800966392334357,
    0.5800929006087137
  ],
  "lr": [
    0.0001,
    9.938441702975689e-05,
    9.755282581475769e-05,
    9.45503262094184e-05,
    9.045084971874738e-05,
    8.535533905932738e-05,
    7.938926261462366e-05,
    7.269952498697734e-05,
    6.545084971874738e-05,
    5.782172325201156e-05,
    5.000000000000001e-05,
    4.217827674798848e-05,
    3.454915028125264e-05,
    2.730047501302267e-05,
    2.0610737385376356e-05,
    1.464466094067263e-05,
    9.549150281252635e-06,
    5.4496737905816115e-06,
    2.4471741852423237e-06,
    6.155829702431171e-07
  ]
}