{
  "train_loss": [
    0.024666000851139173,
    0.007358685897803495,
    0.006483379985817054,
    0.006086815759240224,
    0.005847775841552232,
    0.005691379403780442,
    0.005553933859506488,
    0.005448762055812558,
    0.0053535304377207394,
    0.005272761759652986,
    0.005203374844993151,
    0.005141929794122822,
    0.005092817967151248,
    0.005048780569878229,
    0.0050137635505881906,
    0.0049839930910217205,
    0.0049602525101023545,
    0.004942159273973869,
    0.004929425830019193,
    0.004921246848751941
  ],
  "val_loss": [
    0.0028797085150951474,
    0.001954849176435241,
    0.001842394137915141,
    0.0023093114008252164,
    0.0014875767686770955,
    0.001446644001194612,
    0.0014233288817557018,
    0.0013774191912982673,
    0.003231998255269554,
    0.0012498558665843512,
    0.0012093343655459666,
    0.0012447649618562136,
    0.0011781266459887363,
    0.0011623477889129586,
    0.001142463157104505,
    0.0011221744421448766,
    0.0011016480621935866,
    0.0011023470328896323,
    0.0010908498684226433,
    0.0010878660912345785
  ],
  "recon_loss": [
    0.018079577189286794,
    0.002486551936314603,
    0.001911540472698813,
    0.0016760396421059273,
    0.0015487917194534895,
    0.0014769633797277711,
    0.0014033205437358125,
    0.0013519768816741902,
    0.0013037594588562757,
    0.0012619311640390224,
    0.0012255950939918019,
    0.0011928003921816317,
    0.0011677955027354148,
    0.001143593777952551,
    0.0011254325596270756,
    0.0011088272183320557,
    0.0010957700886983488,
    0.0010857903244851624,
    0.0010781911249510968,
    0.0010724565493429924
  ],
  "sparsity_loss": [
    0.6586423788408007,
    0.4872134071577761,
    0.45718396149228774,
    0.44107762154155916,
    0.4298984216077332,
    0.4214416116529032,
    0.41506134079384643,
    0.40967852657847004,
    0.40497710687442656,
    0.4010830686069807,
    0.3977779839669938,
    0.39491294901285795,
    0.3925022552844982,
    0.3905186880103912,
    0.3888331078600304,
    0.3875165959993067,
    0.38644825095933694,
    0.3856369037149937,
    0.3851234792434204,
    0.384879038670097
  ],
  "train_sparsity": [
    0.4378932793139737,
    0.29399092943567845,
    0.2453744180476629,
    0.22272489743417043,
    0.21047114636772607,
    0.20253399061346344,
    0.19654003720080315,
    0.19206585118023417,
    0.18895679457341244,
    0.1864845852875818,
    0.18452022850893904,
    0.18292861308674055,
    0.18161384609095296,
    0.18041035673732034,
    0.17949944865622197,
    0.17868625523180828,
    0.1781318421669198,
    0.17783915615845727,
    0.17769463998237095,
    0.1776280207946483
  ],
  "sparsity": [
    0.34164504056911266,
    0.2616932856118658,
    0.2308367415023722,
    0.2149902197574526,
    0.2056446377960853,
    0.19887874116675572,
    0.1938082787669751,
    0.19012539428376457,
    0.18658838656498178,
    0.185044552262679,
    0.1833913286275405,
    0.18199643839210705,
    0.18084986391244992,
    0.17978337876752198,
    0.1787253439075717,
    0.17816929214596597,
    0.1777769413887006,
    0.17746400078351188,
    0.1774202741284174,
    0.17736162130913183
  ],
  "lr": [
    0.0001,
    9.938441702975689e-05,
    9.755282581475769e-05,
    9.45503262094184e-05,
    9.045084971874738e-05,
    8.535533905932738e-05,
    7.938926261462366e-05,
    7.269952498697734e-05,
    6.545084971874738e-05,
    5.782172325201156e-05,
    5.000000000000001e-05,
    4.217827674798848e-05,
    3.454915028125264e-05,
    2.730047501302267e-05,
    2.0610737385376356e-05,
    1.464466094067263e-05,
    9.549150281252635e-06,
    5.4496737905816115e-06,
    2.4471741852423237e-06,
    6.155829702431171e-07
  ]
}