{
  "train_loss": [
    0.12607131171110741,
    0.032938638036306485,
    0.03010968104310761,
    0.027636742918867988,
    0.025079809661228965,
    0.022924734225837715,
    0.020991046494097484,
    0.019411764734508348,
    0.018044262412398336,
    0.01675950513699363,
    0.01578205734981101,
    0.01496771502233226,
    0.014258276900747432,
    0.013703024701502592,
    0.013269873915830049,
    0.012923136528038906,
    0.012690995901784718,
    0.012528812588076869,
    0.012423521212657386,
    0.012359047352006342
  ],
  "val_loss": [
    0.033763824021584295,
    0.014264621173147656,
    0.012518971429860906,
    0.01251844536507372,
    0.021130219756380908,
    0.008032960646868469,
    0.0062504130479707895,
    0.0075812357088661,
    0.007745800800021118,
    0.004577717839829084,
    0.003872085763887238,
    0.0027681522002685733,
    0.0024791033250577774,
    0.002481683497576829,
    0.003063629771226359,
    0.0017658123131320843,
    0.0016672296211767696,
    0.0015649627103319216,
    0.0014941824140455064,
    0.0014570358827394232
  ],
  "recon_loss": [
    0.10894351015357655,
    0.019524131655833114,
    0.017452761205969215,
    0.01536776009680414,
    0.013051412472906372,
    0.011067939533579324,
    0.00926250429950195,
    0.007777881597256205,
    0.006494272694273885,
    0.0052723230105870145,
    0.004363518481258623,
    0.003617119715003178,
    0.00297077452331475,
    0.0024790218587086425,
    0.0021040815329525175,
    0.001810249634019013,
    0.0016237044070758868,
    0.0014936207591466394,
    0.0014111936451503444,
    0.0013589884466492957
  ],
  "sparsity_loss": [
    1.7127801646099459,
    1.3414506684413956,
    1.2656920116363355,
    1.2268983095347366,
    1.2028397453155208,
    1.1856794953153622,
    1.1728542452965374,
    1.1633883393561117,
    1.1549989975952144,
    1.1487182387597812,
    1.1418539131619723,
    1.135059556798672,
    1.1287502632480528,
    1.1224003100224405,
    1.1165792638574061,
    1.1112887147687722,
    1.1067291749518648,
    1.1035192081628136,
    1.101232782174414,
    1.1000059154722892
  ],
  "train_sparsity": [
    0.605564453635403,
    0.6042044280214623,
    0.603032938058703,
    0.6020880860909417,
    0.600839524569479,
    0.5990796043013317,
    0.596614645949593,
    0.5927050614966348,
    0.588599574540685,
    0.5827309025693282,
    0.5781225631980327,
    0.5734817450541791,
    0.5680960331057266,
    0.5631388080834103,
    0.5586071053829308,
    0.5549397113436799,
    0.5525824065828833,
    0.55000237850753,
    0.5485468315964535,
    0.5479744289593379
  ],
  "sparsity": [
    0.6048911030898164,
    0.6031949352992407,
    0.6018422424534027,
    0.6014479565083691,
    0.6002903505797641,
    0.5969029325266634,
    0.5949393143187889,
    0.5900244150786303,
    0.5853769220364128,
    0.5803254422369318,
    0.5748973956617989,
    0.5705594455198608,
    0.5649460124432751,
    0.5608877767288157,
    0.5557419996671464,
    0.5540255497532082,
    0.5503161702811123,
    0.5488877155708212,
    0.5478221799717988,
    0.547750591240627
  ],
  "lr": [
    0.0001,
    9.938441702975689e-05,
    9.755282581475769e-05,
    9.45503262094184e-05,
    9.045084971874738e-05,
    8.535533905932738e-05,
    7.938926261462366e-05,
    7.269952498697734e-05,
    6.545084971874738e-05,
    5.782172325201156e-05,
    5.000000000000001e-05,
    4.217827674798848e-05,
    3.454915028125264e-05,
    2.730047501302267e-05,
    2.0610737385376356e-05,
    1.464466094067263e-05,
    9.549150281252635e-06,
    5.4496737905816115e-06,
    2.4471741852423237e-06,
    6.155829702431171e-07
  ]
}