{
  "train_loss": [
    0.49239197227874026,
    0.09690929483358951,
    0.08678346547376364,
    0.08072280926423575,
    0.07539028757054679,
    0.07049061165279447,
    0.06591060058449065,
    0.061256851413930856,
    0.057051154479784934,
    0.05313514020963241,
    0.049621515125162656,
    0.046662830708510857,
    0.044214074537553306,
    0.042293447654411696,
    0.04085751548958258,
    0.039852337608282086,
    0.03920610073021516,
    0.03874675856477251,
    0.038424991109599786,
    0.03822592090370751
  ],
  "val_loss": [
    0.06068007209609615,
    0.03548248695439773,
    0.038462365970556835,
    0.030105403588499124,
    0.040568012085186456,
    0.03237663882925828,
    0.029768480273879957,
    0.03337582532363143,
    0.022725740208436564,
    0.01823748388092028,
    0.013273334606669998,
    0.01189068678624015,
    0.008257620893352078,
    0.006248714103134496,
    0.005066686060604105,
    0.00445407921388549,
    0.003997441612795876,
    0.0037033527983025187,
    0.0034786928079087913,
    0.0033633090182150108
  ],
  "recon_loss": [
    0.4355270390000673,
    0.05319602916832894,
    0.046080340046617894,
    0.04146583096901601,
    0.03702734072167298,
    0.03271468858339703,
    0.02855522047449588,
    0.024196706508842845,
    0.020212807158502183,
    0.01646577967488078,
    0.013087703873891241,
    0.01025391193689678,
    0.007924066212000725,
    0.006129447638863636,
    0.004825693121623164,
    0.00396065340464839,
    0.0034602301556088343,
    0.0031255891205102006,
    0.0028933704281073175,
    0.0027467387082015433
  ],
  "sparsity_loss": [
    5.686493578248924,
    4.371326664520123,
    4.070312632032049,
    3.9256979195603083,
    3.8362947736760247,
    3.7775923980402526,
    3.735538098236845,
    3.7060145769017554,
    3.6838348165047305,
    3.6669361355655883,
    3.6533812060279987,
    3.6408919552526964,
    3.629000910317746,
    3.616400076215393,
    3.6031823113927075,
    3.5891684950969585,
    3.574587131499448,
    3.562117019049848,
    3.5531621423289925,
    3.5479182936167892
  ],
  "train_sparsity": [
    0.5972918144268395,
    0.5976607333597354,
    0.5975471315259087,
    0.5974941169281992,
    0.5974831836776323,
    0.5975022163407744,
    0.5975395416133746,
    0.5975966058948983,
    0.5976591805295964,
    0.5977226130114349,
    0.5977865021893236,
    0.5978397533483347,
    0.5978824579573825,
    0.5979124656807053,
    0.5979303962205602,
    0.5979368075660595,
    0.5979293252881391,
    0.597917263869057,
    0.5979065221026855,
    0.5978960429492645
  ],
  "sparsity": [
    0.5977184212430415,
    0.5975102844309033,
    0.5974580202452756,
    0.5974199086938499,
    0.5974402482108894,
    0.597443427277758,
    0.5974477816799102,
    0.5975127335124139,
    0.5975407235577882,
    0.5976636856375036,
    0.5977073535647164,
    0.5977810649470497,
    0.5978216292090232,
    0.5978295522658348,
    0.5978566569481765,
    0.5978573050819781,
    0.5978562048433625,
    0.5978476355892522,
    0.5978381594876007,
    0.5978280836647202
  ],
  "lr": [
    0.0001,
    9.938441702975689e-05,
    9.755282581475769e-05,
    9.45503262094184e-05,
    9.045084971874738e-05,
    8.535533905932738e-05,
    7.938926261462366e-05,
    7.269952498697734e-05,
    6.545084971874738e-05,
    5.782172325201156e-05,
    5.000000000000001e-05,
    4.217827674798848e-05,
    3.454915028125264e-05,
    2.730047501302267e-05,
    2.0610737385376356e-05,
    1.464466094067263e-05,
    9.549150281252635e-06,
    5.4496737905816115e-06,
    2.4471741852423237e-06,
    6.155829702431171e-07
  ]
}