{
  "train_loss": [
    0.08966532560793873,
    0.02504722029907534,
    0.021187564543296164,
    0.01870925981861022,
    0.01687278716165616,
    0.015102685885273383,
    0.013803415501954805,
    0.012674171678150133,
    0.01169214282611084,
    0.0109822555943365,
    0.010362954679985423,
    0.009917460047051204,
    0.009560104714715469,
    0.009248711818203682,
    0.008985384215346282,
    0.008800122634952948,
    0.008674568946773709,
    0.008585448799467378,
    0.00852856213987127,
    0.008495947762754722
  ],
  "val_loss": [
    0.022800112721751104,
    0.03291149135134842,
    0.005193313172034182,
    0.004425055277575523,
    0.007152439786722118,
    0.005199494710250218,
    0.01653678982090834,
    0.002990229598259142,
    0.008126158004945412,
    0.003698604226289386,
    0.002267792558675857,
    0.00174276267158284,
    0.001674383412048923,
    0.0017384057801112488,
    0.001338419537208274,
    0.0012308203039991525,
    0.001125728825518676,
    0.0011058348056588185,
    0.0010577766304258158,
    0.0010365568801774254
  ],
  "recon_loss": [
    0.0777743224420604,
    0.015955068911842257,
    0.0126263978485811,
    0.010375359213612847,
    0.008686993214323487,
    0.007022700968949825,
    0.005801381250969042,
    0.004726946824920826,
    0.003806291293097356,
    0.0031591409928439047,
    0.002591730965913297,
    0.002199074654549332,
    0.0018888169668987659,
    0.0016154156615950344,
    0.001388189958795949,
    0.0012315950810846805,
    0.0011275584196833574,
    0.0010583575868131686,
    0.0010154264926832608,
    0.0009898704470716348
  ],
  "sparsity_loss": [
    1.1891003702464829,
    0.9092151589888483,
    0.8561166884592151,
    0.8333900791190404,
    0.8185794132080604,
    0.8079985098338481,
    0.8002034434042657,
    0.7947225032276894,
    0.7885851712306937,
    0.7823114777882046,
    0.7771223891638929,
    0.7718385565159236,
    0.7671287918899226,
    0.7633296326535199,
    0.7597194427454238,
    0.7568527723030662,
    0.7547010697296193,
    0.7527091381665799,
    0.7513135813463772,
    0.7506077483824923
  ],
  "train_sparsity": [
    0.561284843233194,
    0.550155893501523,
    0.5285121517893038,
    0.5009007649590758,
    0.47782551705321963,
    0.460371652048236,
    0.4441837861129493,
    0.42932473489994255,
    0.41876593453679745,
    0.4098729772120975,
    0.40157452354586926,
    0.39450633974275784,
    0.3885114131405212,
    0.38267053294963904,
    0.37800388589442385,
    0.3741493742727501,
    0.37084301560535265,
    0.3690684194824838,
    0.36833171530968506,
    0.36801452652137207
  ],
  "sparsity": [
    0.5573673144756726,
    0.5402014488666433,
    0.5148036457687791,
    0.4878643419727946,
    0.46727170651298744,
    0.4503216442548884,
    0.4367992577116091,
    0.4240698906032897,
    0.4113296632130575,
    0.40528343264542444,
    0.397647619110204,
    0.3914834902959884,
    0.3854770153555061,
    0.3796128256298386,
    0.37566276370762375,
    0.3723957143222685,
    0.3694938213113447,
    0.36857745612512377,
    0.3680703423690479,
    0.36786571509486177
  ],
  "lr": [
    0.0001,
    9.938441702975689e-05,
    9.755282581475769e-05,
    9.45503262094184e-05,
    9.045084971874738e-05,
    8.535533905932738e-05,
    7.938926261462366e-05,
    7.269952498697734e-05,
    6.545084971874738e-05,
    5.782172325201156e-05,
    5.000000000000001e-05,
    4.217827674798848e-05,
    3.454915028125264e-05,
    2.730047501302267e-05,
    2.0610737385376356e-05,
    1.464466094067263e-05,
    9.549150281252635e-06,
    5.4496737905816115e-06,
    2.4471741852423237e-06,
    6.155829702431171e-07
  ]
}