{
  "train_loss": [
    0.13201932793860924,
    0.03543607045871695,
    0.03257745982787271,
    0.029704703119752006,
    0.027103881477938015,
    0.02481687629523614,
    0.022706992057276526,
    0.02090984091355011,
    0.019517944591250162,
    0.018154332901839928,
    0.017067037403138773,
    0.016151469528847846,
    0.01541991320414529,
    0.014844030142319544,
    0.014336955625543693,
    0.0139680090166459,
    0.013711320126741674,
    0.013535336824855101,
    0.013421102159558688,
    0.013353960816884008
  ],
  "val_loss": [
    0.01505536503444649,
    0.03320530503721425,
    0.029980374163506997,
    0.01549944850806996,
    0.00877995447327861,
    0.017803579823076572,
    0.005974073037512297,
    0.009099413139398223,
    0.005638384443630809,
    0.005193831393662931,
    0.004388698760001239,
    0.004139839894525196,
    0.004494890000208465,
    0.0024876300639888175,
    0.002154931029807333,
    0.0020548111293226647,
    0.001756295960071435,
    0.0016497008297111134,
    0.0015840426985853195,
    0.001529655194470607
  ],
  "recon_loss": [
    0.11346491275247919,
    0.02085706629548424,
    0.0188067385381295,
    0.01634321514684266,
    0.014009497209391972,
    0.011907625601986284,
    0.00993169766032103,
    0.00824907493522062,
    0.006953516935149027,
    0.005670374436416466,
    0.00466000003693752,
    0.003819219907431566,
    0.0031641547235275046,
    0.002659247427578912,
    0.0022200719031880713,
    0.0019130011908000681,
    0.001705554051494142,
    0.001567523171515036,
    0.0014788399158826555,
    0.0014247551894382303
  ],
  "sparsity_loss": [
    1.8554415602250731,
    1.4579004488931755,
    1.3770721594839328,
    1.3361488266668113,
    1.309438456901427,
    1.2909250989404215,
    1.2775294686278122,
    1.2660766261014522,
    1.2564427938383225,
    1.2483958744337529,
    1.2407037640545113,
    1.2332249890415652,
    1.2255758749899646,
    1.2184782981172668,
    1.2116883985267013,
    1.2055008087290862,
    1.2005766339236696,
    1.1967813916086416,
    1.1942262507021781,
    1.1929205888363832
  ],
  "train_sparsity": [
    0.6044504140937349,
    0.6035002909839716,
    0.6026923049870664,
    0.6022533083402839,
    0.6019784496242186,
    0.6014640391802397,
    0.6007457767874311,
    0.5998131648415955,
    0.5990757209827158,
    0.5973883309277892,
    0.5956760891752455,
    0.593142288104103,
    0.5905820638449423,
    0.5871554519262293,
    0.5844635353082664,
    0.5824772208308632,
    0.5800995655906233,
    0.5781422948894106,
    0.5768835057576536,
    0.576104032700679
  ],
  "sparsity": [
    0.6041808144519871,
    0.6032264977350477,
    0.6024039092500608,
    0.6018906604545322,
    0.601457221195746,
    0.6006279568380637,
    0.6001303461879438,
    0.5992237570554773,
    0.5980026841804054,
    0.5964827812306562,
    0.5943440702694034,
    0.5914469997606548,
    0.5889768544960949,
    0.5851417087660814,
    0.5833659712296674,
    0.5811337502632765,
    0.5784684310455889,
    0.5773491002342895,
    0.5761184483636947,
    0.5756531117913302
  ],
  "lr": [
    0.0001,
    9.938441702975689e-05,
    9.755282581475769e-05,
    9.45503262094184e-05,
    9.045084971874738e-05,
    8.535533905932738e-05,
    7.938926261462366e-05,
    7.269952498697734e-05,
    6.545084971874738e-05,
    5.782172325201156e-05,
    5.000000000000001e-05,
    4.217827674798848e-05,
    3.454915028125264e-05,
    2.730047501302267e-05,
    2.0610737385376356e-05,
    1.464466094067263e-05,
    9.549150281252635e-06,
    5.4496737905816115e-06,
    2.4471741852423237e-06,
    6.155829702431171e-07
  ]
}