{
  "train_loss": [
    0.16441797709909622,
    0.042289657618922005,
    0.03873149826163048,
    0.035914296235132016,
    0.032956323796165726,
    0.030331368867721958,
    0.02772223200637084,
    0.0256730895162384,
    0.02365856602010327,
    0.021957644024544646,
    0.02063613146802751,
    0.01946146635000608,
    0.01853131312468704,
    0.017743812707289145,
    0.017146592024764522,
    0.016675298957649326,
    0.016344225660504932,
    0.01612527011493756,
    0.0159851880518988,
    0.015903385780720702
  ],
  "val_loss": [
    0.02352829211615226,
    0.01428741187545292,
    0.018518657365899145,
    0.011100953268294644,
    0.01797511443652043,
    0.01263927906274178,
    0.012253418230768755,
    0.007717265902707974,
    0.006712390024900669,
    0.007895983614305777,
    0.006236044333053595,
    0.0049222754216858965,
    0.004087701659941706,
    0.003120981363091693,
    0.0026003901781664384,
    0.002197256009791301,
    0.0019035256837584493,
    0.0018098240897648397,
    0.0016990542039775497,
    0.0016502412400436182
  ],
  "recon_loss": [
    0.1421525342577455,
    0.02480671596684645,
    0.022206888030769017,
    0.01987281356973825,
    0.017208695235518167,
    0.014789575313442096,
    0.012330397575911728,
    0.010404255472449992,
    0.008490311520366198,
    0.00688082305025985,
    0.0056490006169609705,
    0.004558241448034771,
    0.0037117830763728557,
    0.0030072311610270133,
    0.0024921119746179887,
    0.002097449382533354,
    0.0018317617348127461,
    0.0016654989471285493,
    0.001561649843772636,
    0.0014991712272662452
  ],
  "sparsity_loss": [
    2.226544321209392,
    1.748294202493416,
    1.6524610601694443,
    1.6041483026202445,
    1.5747628914209024,
    1.5541793908879218,
    1.5391834767773158,
    1.5268834385253287,
    1.5168254838155855,
    1.5076821309330166,
    1.4987131181514117,
    1.4903225238807163,
    1.4819530387817392,
    1.473658188347196,
    1.4654480381114185,
    1.4577849903620628,
    1.4512464258365232,
    1.4459771500695568,
    1.442353853477951,
    1.4404214880095392
  ],
  "train_sparsity": [
    0.6201178218670446,
    0.6197017790001069,
    0.6190779620812091,
    0.6187159642398586,
    0.6185626533369145,
    0.6184892114676742,
    0.6184935067583898,
    0.618491988511819,
    0.6183822334289474,
    0.6181465793754258,
    0.6177285709397413,
    0.6175592543893837,
    0.6173874989205329,
    0.6173136098061688,
    0.6172227586981315,
    0.617095587762821,
    0.6166431177333762,
    0.6165139838611308,
    0.6164776468993883,
    0.6164499332365386
  ],
  "sparsity": [
    0.6202144948043735,
    0.6190848581075485,
    0.6187533396807251,
    0.6186565559030525,
    0.6182488485595155,
    0.618263788008574,
    0.6181980276937282,
    0.6181841427543701,
    0.6180771590194059,
    0.6174132572351194,
    0.6172944430836511,
    0.6172829775225936,
    0.6170249608326032,
    0.6169635569479008,
    0.6169536935304186,
    0.6165454187000399,
    0.6163013498476321,
    0.6163135605048694,
    0.616285064224088,
    0.6162644986241453
  ],
  "lr": [
    0.0001,
    9.938441702975689e-05,
    9.755282581475769e-05,
    9.45503262094184e-05,
    9.045084971874738e-05,
    8.535533905932738e-05,
    7.938926261462366e-05,
    7.269952498697734e-05,
    6.545084971874738e-05,
    5.782172325201156e-05,
    5.000000000000001e-05,
    4.217827674798848e-05,
    3.454915028125264e-05,
    2.730047501302267e-05,
    2.0610737385376356e-05,
    1.464466094067263e-05,
    9.549150281252635e-06,
    5.4496737905816115e-06,
    2.4471741852423237e-06,
    6.155829702431171e-07
  ]
}