{
  "train_loss": [
    0.10897441018847427,
    0.030811883167842193,
    0.027830679921160388,
    0.025556532158012072,
    0.023216755755433,
    0.021143880691225806,
    0.019546103737596715,
    0.01799923591921729,
    0.016713236735104376,
    0.015596610886404703,
    0.014602604806482882,
    0.013826415187830902,
    0.01315678784540269,
    0.012644884668110827,
    0.012220382611910248,
    0.011908459158646934,
    0.01169197259392113,
    0.011546941223322027,
    0.011452807097952282,
    0.01140062952203616
  ],
  "val_loss": [
    0.012938130702932996,
    0.01228992104693298,
    0.012794535982106371,
    0.013739877727323936,
    0.007642938589510916,
    0.032783257105047287,
    0.006478762838071754,
    0.005921455206200347,
    0.005050957507217276,
    0.004111636612108313,
    0.003173162652730911,
    0.0031009259643905145,
    0.0026390354243331334,
    0.002820106288268076,
    0.0019458557352989275,
    0.0015968236693023375,
    0.0015354716641099132,
    0.0014315111670328837,
    0.0013592551701585912,
    0.0013163930895931525
  ],
  "recon_loss": [
    0.09313401658408292,
    0.018437211348191533,
    0.016167392896942846,
    0.014259041237053993,
    0.012144094569300712,
    0.01022369420881106,
    0.008740605789251949,
    0.0072776420166927825,
    0.006057909132065307,
    0.005001205530294131,
    0.004060608330702369,
    0.0033444834426214847,
    0.0027275727631951153,
    0.002273124365593161,
    0.0018995930529012806,
    0.0016357054339516828,
    0.0014563082772796724,
    0.0013409660396627894,
    0.001266555264345175,
    0.0012251322550439654
  ],
  "sparsity_loss": [
    1.5840393724534247,
    1.2374672102702142,
    1.1663287289759474,
    1.1297491191292697,
    1.1072661443204004,
    1.0920186729071384,
    1.080549818588457,
    1.0721594138154564,
    1.0655327836375492,
    1.0595405588079458,
    1.054199670403951,
    1.048193196955674,
    1.0429215308339297,
    1.0371760528280118,
    1.0320789783182531,
    1.0272753947870676,
    1.02356645414733,
    1.020597540802672,
    1.0186252055504035,
    1.017549748999377
  ],
  "train_sparsity": [
    0.5944284654144248,
    0.5927157850024523,
    0.591465234444248,
    0.589423657843338,
    0.5864410695283606,
    0.5810265668501634,
    0.5751033821579763,
    0.5689921042820981,
    0.5613800093131499,
    0.5548835727143758,
    0.5474275399097474,
    0.5416079950719187,
    0.5340672369800272,
    0.5279570734097003,
    0.5222301354388937,
    0.5180112005984869,
    0.5140801874217374,
    0.5114113564330715,
    0.5096716665441626,
    0.50900605049723
  ],
  "sparsity": [
    0.593147963506543,
    0.5915574744766892,
    0.5908660138467597,
    0.5881379700951272,
    0.584098092977212,
    0.5770056648430052,
    0.5714234343938859,
    0.5648886525865771,
    0.5577005663623161,
    0.5506095937311452,
    0.5443052729855232,
    0.5371663730356143,
    0.5301507781551573,
    0.524581808771249,
    0.5199616063004048,
    0.5156045804611707,
    0.512119853304426,
    0.5097837853108443,
    0.509071846147363,
    0.5087110190691623
  ],
  "lr": [
    0.0001,
    9.938441702975689e-05,
    9.755282581475769e-05,
    9.45503262094184e-05,
    9.045084971874738e-05,
    8.535533905932738e-05,
    7.938926261462366e-05,
    7.269952498697734e-05,
    6.545084971874738e-05,
    5.782172325201156e-05,
    5.000000000000001e-05,
    4.217827674798848e-05,
    3.454915028125264e-05,
    2.730047501302267e-05,
    2.0610737385376356e-05,
    1.464466094067263e-05,
    9.549150281252635e-06,
    5.4496737905816115e-06,
    2.4471741852423237e-06,
    6.155829702431171e-07
  ]
}