{
  "train_loss": [
    0.1504593940861783,
    0.03802525797205045,
    0.034519131586234736,
    0.031116125497902093,
    0.028216402579351468,
    0.025903730395809028,
    0.023947802249399693,
    0.02218806945698082,
    0.020716970329808012,
    0.019456052536476486,
    0.018323148190063206,
    0.01743137740854711,
    0.0166680853908722,
    0.016054653861985044,
    0.015569224412618501,
    0.015190149942348111,
    0.014919261585773365,
    0.014726633358082494,
    0.014598292809913104,
    0.014521069996056332
  ],
  "val_loss": [
    0.02430201927426298,
    0.01463687220332445,
    0.025364810695462398,
    0.03149766417305529,
    0.01046976653406819,
    0.014615373701680557,
    0.007101587907345163,
    0.00576677342111292,
    0.006252702875584592,
    0.005471307154800614,
    0.004878865561718929,
    0.003745252613538586,
    0.0029316265823952827,
    0.0028013754898720835,
    0.0023767459999658423,
    0.002062128266124505,
    0.0018652666346112828,
    0.0017954625924338006,
    0.0017043276613914848,
    0.001639117540232456
  ],
  "recon_loss": [
    0.13019787999423477,
    0.022162059680021107,
    0.019526755968405494,
    0.016558595234064166,
    0.013929218350294162,
    0.011814843066033842,
    0.010013410173868859,
    0.00838130594078802,
    0.007020552257495629,
    0.005858314544462515,
    0.004807929629697504,
    0.003996735277106944,
    0.0033112908352039825,
    0.0027725398913906237,
    0.0023591469243612884,
    0.002044932151866852,
    0.0018293817720250744,
    0.0016793768126788546,
    0.0015803037237475225,
    0.0015184387903749979
  ],
  "sparsity_loss": [
    2.026151466350687,
    1.5863198642922574,
    1.499237594734903,
    1.4557530589985432,
    1.4287184548767746,
    1.4088887644621209,
    1.3934392381188287,
    1.3806763818796888,
    1.3696418375668558,
    1.3597738291045998,
    1.3515218857392162,
    1.3434642432229191,
    1.3356794853653629,
    1.328211426778266,
    1.3210077786268397,
    1.314521808701448,
    1.30898801133826,
    1.3047256841792076,
    1.3017989383002988,
    1.3002631501070063
  ],
  "train_sparsity": [
    0.6203669039050715,
    0.6196222547113146,
    0.6188921513295392,
    0.6185190911423826,
    0.6183253327379424,
    0.6180543408128094,
    0.6178863234650434,
    0.617218002000751,
    0.61664065845225,
    0.6161433008640731,
    0.614964921590966,
    0.6129405344681281,
    0.6114067894816383,
    0.6092024818570444,
    0.6074949202377397,
    0.6059906300090991,
    0.6049589248324593,
    0.6040696987112186,
    0.6035243991412956,
    0.6032142656898201
  ],
  "sparsity": [
    0.6198537237780208,
    0.6190471565458103,
    0.6185972145159369,
    0.6181064860446888,
    0.6183572765444514,
    0.6176734962680511,
    0.6173612669502936,
    0.6168159148399712,
    0.6160594882730878,
    0.6154861775741275,
    0.6141824653826274,
    0.6122590033073015,
    0.6098668561258656,
    0.6081406875289777,
    0.6064797687573212,
    0.6053580039600851,
    0.6040623131905959,
    0.6034596370869996,
    0.6030517330283123,
    0.6030210633051002
  ],
  "lr": [
    0.0001,
    9.938441702975689e-05,
    9.755282581475769e-05,
    9.45503262094184e-05,
    9.045084971874738e-05,
    8.535533905932738e-05,
    7.938926261462366e-05,
    7.269952498697734e-05,
    6.545084971874738e-05,
    5.782172325201156e-05,
    5.000000000000001e-05,
    4.217827674798848e-05,
    3.454915028125264e-05,
    2.730047501302267e-05,
    2.0610737385376356e-05,
    1.464466094067263e-05,
    9.549150281252635e-06,
    5.4496737905816115e-06,
    2.4471741852423237e-06,
    6.155829702431171e-07
  ]
}