{
  "train_loss": [
    0.10077403588146235,
    0.027646950123463576,
    0.024795658887084782,
    0.022519661459238276,
    0.020252189830221767,
    0.018434994697144606,
    0.01706120950480854,
    0.01567579341757325,
    0.014486008474108627,
    0.013505624863105274,
    0.012626891873376301,
    0.011889308564987346,
    0.011312555015244242,
    0.010814902695426952,
    0.010461054080395198,
    0.010190671825027146,
    0.010015011985258357,
    0.00989395654499573,
    0.009818234774189631,
    0.009775897214001407
  ],
  "val_loss": [
    0.014019275441275942,
    0.008286698704314303,
    0.00986577390011016,
    0.00826403017049328,
    0.015883237938307287,
    0.006074120486002672,
    0.0055435505755442,
    0.011824842765293567,
    0.005360760790481496,
    0.002968617148380979,
    0.0037858463427345905,
    0.0023414655309218135,
    0.00200797076195042,
    0.0017799477916197548,
    0.0017415815870976611,
    0.0013637623130697658,
    0.0012740729667548205,
    0.0011918263088731417,
    0.0011544891974655733,
    0.001119866525811751
  ],
  "recon_loss": [
    0.08694022721086371,
    0.016982325482477946,
    0.014807829736668212,
    0.01286524468673144,
    0.01078127008106481,
    0.009086294785162864,
    0.007805064653698137,
    0.00649222116427895,
    0.005365544116901905,
    0.004441358762681528,
    0.0036052318421647806,
    0.002911781838211653,
    0.002386101103867631,
    0.0019385277313612908,
    0.00162935763726937,
    0.0013983579476836178,
    0.0012527724074745945,
    0.0011529961582617998,
    0.0010951713913925766,
    0.0010610317449361857
  ],
  "sparsity_loss": [
    1.3833809082390134,
    1.0664624876806306,
    0.9987829367417663,
    0.9654416991772715,
    0.9470919962443772,
    0.9348700127444052,
    0.9256145061097797,
    0.9183572460436383,
    0.9120464559310066,
    0.9064266299958059,
    0.9021660227809413,
    0.8977526921335165,
    0.8926454105390296,
    0.8876375155152455,
    0.8831696633622441,
    0.8792314065388495,
    0.8762239769226754,
    0.8740960577309865,
    0.872306356960654,
    0.8714865657719212
  ],
  "train_sparsity": [
    0.5758029273716035,
    0.5722221085607937,
    0.5668757995814049,
    0.5594373074665215,
    0.5469090996172615,
    0.5317397555583916,
    0.5185722347993739,
    0.5078030045166507,
    0.49881453162837686,
    0.4905608921162783,
    0.4811013171351032,
    0.4720165258802363,
    0.4648095208974226,
    0.4587236334155421,
    0.45327403408909067,
    0.4487904077424641,
    0.44472783983688013,
    0.4413916412853815,
    0.4399670878461008,
    0.43913034772684145
  ],
  "sparsity": [
    0.5744828970940347,
    0.5703685335199312,
    0.5634260454059532,
    0.5549191106125106,
    0.539249045734791,
    0.5241027876952018,
    0.5118352646838676,
    0.5035681972252984,
    0.49411490468089614,
    0.48572124631912944,
    0.47618637739254954,
    0.4679985720426965,
    0.4615528662206572,
    0.4559563238942797,
    0.4512268394102188,
    0.4464575436588564,
    0.4427567181394484,
    0.44045928485804003,
    0.43934992587026594,
    0.4388870404912676
  ],
  "lr": [
    0.0001,
    9.938441702975689e-05,
    9.755282581475769e-05,
    9.45503262094184e-05,
    9.045084971874738e-05,
    8.535533905932738e-05,
    7.938926261462366e-05,
    7.269952498697734e-05,
    6.545084971874738e-05,
    5.782172325201156e-05,
    5.000000000000001e-05,
    4.217827674798848e-05,
    3.454915028125264e-05,
    2.730047501302267e-05,
    2.0610737385376356e-05,
    1.464466094067263e-05,
    9.549150281252635e-06,
    5.4496737905816115e-06,
    2.4471741852423237e-06,
    6.155829702431171e-07
  ]
}