{
  "question": "Have Americans been working more hours over time?",
  "factual_answer": "No, working hours have consistently declined over time",
  "hallucinated_answer": "Yes, working hours have increased over time",
  "predictions": {
    "factual": 0.46,
    "hallucinated": 0.46,
    "correct_classification": false
  },
  "metrics": {
    "factual": {
      "entropy_mean": 2.06282623387908,
      "entropy_max": 5.579517245634685,
      "entropy_std": 2.6633312513850513,
      "entropy_final": 0.0,
      "total_births": 73.0,
      "total_deaths": 23.0,
      "birth_rate": 2.28125,
      "death_rate": 0.71875,
      "churn_ratio": 1.5,
      "survival_rate": 0.684931506849315,
      "competition_mean": 18.75,
      "competition_max": 50.0,
      "competition_std": 24.206145913796355,
      "competition_final": 0.0,
      "high_competition_ratio": 0.375,
      "stability_mean": 0.08723450514517521,
      "stability_min": 0.0008309862801265747,
      "unstable_track_ratio": 0.9464285714285714,
      "dominance_mean": 0.017053567921305548,
      "dominance_min": 0.0,
      "dominance_final": 0.0,
      "weak_dominance_ratio": 1.0,
      "density_mean": 50.0,
      "density_max": 50.0,
      "density_std": 0.0,
      "max_concurrent_tracks": 50.0
    },
    "hallucinated": {
      "entropy_mean": 2.0629426064084804,
      "entropy_max": 5.579517245634684,
      "entropy_std": 2.6634847423691985,
      "entropy_final": 0.0,
      "total_births": 68.0,
      "total_deaths": 18.0,
      "birth_rate": 2.125,
      "death_rate": 0.5625,
      "churn_ratio": 1.34375,
      "survival_rate": 0.7352941176470589,
      "competition_mean": 18.75,
      "competition_max": 50.0,
      "competition_std": 24.206145913796355,
      "competition_final": 0.0,
      "high_competition_ratio": 0.375,
      "stability_mean": 0.06025010356723613,
      "stability_min": 0.0008309862801265747,
      "unstable_track_ratio": 0.9642857142857143,
      "dominance_mean": 0.01704715504159216,
      "dominance_min": 0.0,
      "dominance_final": 0.0,
      "weak_dominance_ratio": 1.0,
      "density_mean": 50.0,
      "density_max": 50.0,
      "density_std": 0.0,
      "max_concurrent_tracks": 50.0
    },
    "comparison": {
      "entropy_mean": {
        "factual": 2.06282623387908,
        "hallucinated": 2.0629426064084804,
        "difference": 0.00011637252940044363,
        "percent_change": 0.00564141213104551,
        "higher_in_hallucination": true
      },
      "entropy_max": {
        "factual": 5.579517245634685,
        "hallucinated": 5.579517245634684,
        "difference": -8.881784197001252e-16,
        "percent_change": -1.591855317581499e-14,
        "higher_in_hallucination": false
      },
      "entropy_std": {
        "factual": 2.6633312513850513,
        "hallucinated": 2.6634847423691985,
        "difference": 0.00015349098414718654,
        "percent_change": 0.005763120305345584,
        "higher_in_hallucination": true
      },
      "entropy_final": {
        "factual": 0.0,
        "hallucinated": 0.0,
        "difference": 0.0,
        "percent_change": 0.0,
        "higher_in_hallucination": false
      },
      "total_births": {
        "factual": 73.0,
        "hallucinated": 68.0,
        "difference": -5.0,
        "percent_change": -6.8493150684931505,
        "higher_in_hallucination": false
      },
      "total_deaths": {
        "factual": 23.0,
        "hallucinated": 18.0,
        "difference": -5.0,
        "percent_change": -21.73913043478261,
        "higher_in_hallucination": false
      },
      "birth_rate": {
        "factual": 2.28125,
        "hallucinated": 2.125,
        "difference": -0.15625,
        "percent_change": -6.8493150684931505,
        "higher_in_hallucination": false
      },
      "death_rate": {
        "factual": 0.71875,
        "hallucinated": 0.5625,
        "difference": -0.15625,
        "percent_change": -21.73913043478261,
        "higher_in_hallucination": false
      },
      "churn_ratio": {
        "factual": 1.5,
        "hallucinated": 1.34375,
        "difference": -0.15625,
        "percent_change": -10.416666666666668,
        "higher_in_hallucination": false
      },
      "survival_rate": {
        "factual": 0.684931506849315,
        "hallucinated": 0.7352941176470589,
        "difference": 0.050362610797743845,
        "percent_change": 7.352941176470602,
        "higher_in_hallucination": true
      },
      "competition_mean": {
        "factual": 18.75,
        "hallucinated": 18.75,
        "difference": 0.0,
        "percent_change": 0.0,
        "higher_in_hallucination": false
      },
      "competition_max": {
        "factual": 50.0,
        "hallucinated": 50.0,
        "difference": 0.0,
        "percent_change": 0.0,
        "higher_in_hallucination": false
      },
      "competition_std": {
        "factual": 24.206145913796355,
        "hallucinated": 24.206145913796355,
        "difference": 0.0,
        "percent_change": 0.0,
        "higher_in_hallucination": false
      },
      "competition_final": {
        "factual": 0.0,
        "hallucinated": 0.0,
        "difference": 0.0,
        "percent_change": 0.0,
        "higher_in_hallucination": false
      },
      "high_competition_ratio": {
        "factual": 0.375,
        "hallucinated": 0.375,
        "difference": 0.0,
        "percent_change": 0.0,
        "higher_in_hallucination": false
      },
      "stability_mean": {
        "factual": 0.08723450514517521,
        "hallucinated": 0.06025010356723613,
        "difference": -0.026984401577939077,
        "percent_change": -30.933174359196258,
        "higher_in_hallucination": false
      },
      "stability_min": {
        "factual": 0.0008309862801265747,
        "hallucinated": 0.0008309862801265747,
        "difference": 0.0,
        "percent_change": 0.0,
        "higher_in_hallucination": false
      },
      "unstable_track_ratio": {
        "factual": 0.9464285714285714,
        "hallucinated": 0.9642857142857143,
        "difference": 0.017857142857142905,
        "percent_change": 1.8867924528301938,
        "higher_in_hallucination": true
      },
      "dominance_mean": {
        "factual": 0.017053567921305548,
        "hallucinated": 0.01704715504159216,
        "difference": -6.412879713386249e-06,
        "percent_change": -0.03760432856619078,
        "higher_in_hallucination": false
      },
      "dominance_min": {
        "factual": 0.0,
        "hallucinated": 0.0,
        "difference": 0.0,
        "percent_change": 0.0,
        "higher_in_hallucination": false
      },
      "dominance_final": {
        "factual": 0.0,
        "hallucinated": 0.0,
        "difference": 0.0,
        "percent_change": 0.0,
        "higher_in_hallucination": false
      },
      "weak_dominance_ratio": {
        "factual": 1.0,
        "hallucinated": 1.0,
        "difference": 0.0,
        "percent_change": 0.0,
        "higher_in_hallucination": false
      },
      "density_mean": {
        "factual": 50.0,
        "hallucinated": 50.0,
        "difference": 0.0,
        "percent_change": 0.0,
        "higher_in_hallucination": false
      },
      "density_max": {
        "factual": 50.0,
        "hallucinated": 50.0,
        "difference": 0.0,
        "percent_change": 0.0,
        "higher_in_hallucination": false
      },
      "density_std": {
        "factual": 0.0,
        "hallucinated": 0.0,
        "difference": 0.0,
        "percent_change": 0.0,
        "higher_in_hallucination": false
      },
      "max_concurrent_tracks": {
        "factual": 50.0,
        "hallucinated": 50.0,
        "difference": 0.0,
        "percent_change": 0.0,
        "higher_in_hallucination": false
      }
    }
  },
  "track_analysis": {
    "factual": {
      "total_tracks": 73,
      "avg_lifespan": 8.219178082191782,
      "std_lifespan": 4.760702651438128,
      "max_activation": 127.9471664428711,
      "mean_activation": 37.67313183069229,