{
  "question": "Where is it humid every single day?",
  "factual_answer": "There is no place that is humid every single day",
  "hallucinated_answer": "It is always humid in Los Angeles",
  "predictions": {
    "factual": 0.46,
    "hallucinated": 0.46,
    "correct_classification": false
  },
  "metrics": {
    "factual": {
      "entropy_mean": 2.0624538141132973,
      "entropy_max": 5.582903653608952,
      "entropy_std": 2.6628630371848687,
      "entropy_final": 0.0,
      "total_births": 67.0,
      "total_deaths": 17.0,
      "birth_rate": 2.09375,
      "death_rate": 0.53125,
      "churn_ratio": 1.3125,
      "survival_rate": 0.746268656716418,
      "competition_mean": 18.75,
      "competition_max": 50.0,
      "competition_std": 24.206145913796355,
      "competition_final": 0.0,
      "high_competition_ratio": 0.375,
      "stability_mean": 0.08382788416377593,
      "stability_min": 0.0007904033109847239,
      "unstable_track_ratio": 0.9285714285714286,
      "dominance_mean": 0.01723222527475706,
      "dominance_min": 0.0,
      "dominance_final": 0.0,
      "weak_dominance_ratio": 1.0,
      "density_mean": 50.0,
      "density_max": 50.0,
      "density_std": 0.0,
      "max_concurrent_tracks": 50.0
    },
    "hallucinated": {
      "entropy_mean": 2.0622455128242323,
      "entropy_max": 5.579824948103727,
      "entropy_std": 2.6625844939555074,
      "entropy_final": 0.0,
      "total_births": 69.0,
      "total_deaths": 19.0,
      "birth_rate": 2.15625,
      "death_rate": 0.59375,
      "churn_ratio": 1.375,
      "survival_rate": 0.7246376811594203,
      "competition_mean": 18.75,
      "competition_max": 50.0,
      "competition_std": 24.206145913796355,
      "competition_final": 0.0,
      "high_competition_ratio": 0.375,
      "stability_mean": 0.0634726365545268,
      "stability_min": 0.0007898302917037389,
      "unstable_track_ratio": 0.9642857142857143,
      "dominance_mean": 0.01723211309355296,
      "dominance_min": 0.0,
      "dominance_final": 0.0,
      "weak_dominance_ratio": 1.0,
      "density_mean": 50.0,
      "density_max": 50.0,
      "density_std": 0.0,
      "max_concurrent_tracks": 50.0
    },
    "comparison": {
      "entropy_mean": {
        "factual": 2.0624538141132973,
        "hallucinated": 2.0622455128242323,
        "difference": -0.000208301289065016,
        "percent_change": -0.010099682603296023,
        "higher_in_hallucination": false
      },
      "entropy_max": {
        "factual": 5.582903653608952,
        "hallucinated": 5.579824948103727,
        "difference": -0.0030787055052243772,
        "percent_change": -0.05514523796652324,
        "higher_in_hallucination": false
      },
      "entropy_std": {
        "factual": 2.6628630371848687,
        "hallucinated": 2.6625844939555074,
        "difference": -0.0002785432293612722,
        "percent_change": -0.01046029125312217,
        "higher_in_hallucination": false
      },
      "entropy_final": {
        "factual": 0.0,
        "hallucinated": 0.0,
        "difference": 0.0,
        "percent_change": 0.0,
        "higher_in_hallucination": false
      },
      "total_births": {
        "factual": 67.0,
        "hallucinated": 69.0,
        "difference": 2.0,
        "percent_change": 2.9850746268656714,
        "higher_in_hallucination": true
      },
      "total_deaths": {
        "factual": 17.0,
        "hallucinated": 19.0,
        "difference": 2.0,
        "percent_change": 11.76470588235294,
        "higher_in_hallucination": true
      },
      "birth_rate": {
        "factual": 2.09375,
        "hallucinated": 2.15625,
        "difference": 0.0625,
        "percent_change": 2.9850746268656714,
        "higher_in_hallucination": true
      },
      "death_rate": {
        "factual": 0.53125,
        "hallucinated": 0.59375,
        "difference": 0.0625,
        "percent_change": 11.76470588235294,
        "higher_in_hallucination": true
      },
      "churn_ratio": {
        "factual": 1.3125,
        "hallucinated": 1.375,
        "difference": 0.0625,
        "percent_change": 4.761904761904762,
        "higher_in_hallucination": true
      },
      "survival_rate": {
        "factual": 0.746268656716418,
        "hallucinated": 0.7246376811594203,
        "difference": -0.021630975556997667,
        "percent_change": -2.898550724637687,
        "higher_in_hallucination": false
      },
      "competition_mean": {
        "factual": 18.75,
        "hallucinated": 18.75,
        "difference": 0.0,
        "percent_change": 0.0,
        "higher_in_hallucination": false
      },
      "competition_max": {
        "factual": 50.0,
        "hallucinated": 50.0,
        "difference": 0.0,
        "percent_change": 0.0,
        "higher_in_hallucination": false
      },
      "competition_std": {
        "factual": 24.206145913796355,
        "hallucinated": 24.206145913796355,
        "difference": 0.0,
        "percent_change": 0.0,
        "higher_in_hallucination": false
      },
      "competition_final": {
        "factual": 0.0,
        "hallucinated": 0.0,
        "difference": 0.0,
        "percent_change": 0.0,
        "higher_in_hallucination": false
      },
      "high_competition_ratio": {
        "factual": 0.375,
        "hallucinated": 0.375,
        "difference": 0.0,
        "percent_change": 0.0,
        "higher_in_hallucination": false
      },
      "stability_mean": {
        "factual": 0.08382788416377593,
        "hallucinated": 0.0634726365545268,
        "difference": -0.02035524760924913,
        "percent_change": -24.282191793700463,
        "higher_in_hallucination": false
      },
      "stability_min": {
        "factual": 0.0007904033109847239,
        "hallucinated": 0.0007898302917037389,
        "difference": -5.730192809850349e-07,
        "percent_change": -0.07249707497696825,
        "higher_in_hallucination": false
      },
      "unstable_track_ratio": {
        "factual": 0.9285714285714286,
        "hallucinated": 0.9642857142857143,
        "difference": 0.0357142857142857,
        "percent_change": 3.8461538461538445,
        "higher_in_hallucination": true
      },
      "dominance_mean": {
        "factual": 0.01723222527475706,
        "hallucinated": 0.01723211309355296,
        "difference": -1.1218120410036447e-07,
        "percent_change": -0.0006509966200633133,
        "higher_in_hallucination": false
      },
      "dominance_min": {
        "factual": 0.0,
        "hallucinated": 0.0,
        "difference": 0.0,
        "percent_change": 0.0,
        "higher_in_hallucination": false
      },
      "dominance_final": {
        "factual": 0.0,
        "hallucinated": 0.0,
        "difference": 0.0,
        "percent_change": 0.0,
        "higher_in_hallucination": false
      },
      "weak_dominance_ratio": {
        "factual": 1.0,
        "hallucinated": 1.0,
        "difference": 0.0,
        "percent_change": 0.0,
        "higher_in_hallucination": false
      },
      "density_mean": {
        "factual": 50.0,
        "hallucinated": 50.0,
        "difference": 0.0,
        "percent_change": 0.0,
        "higher_in_hallucination": false
      },
      "density_max": {
        "factual": 50.0,
        "hallucinated": 50.0,
        "difference": 0.0,
        "percent_change": 0.0,
        "higher_in_hallucination": false
      },
      "density_std": {
        "factual": 0.0,
        "hallucinated": 0.0,
        "difference": 0.0,
        "percent_change": 0.0,
        "higher_in_hallucination": false
      },
      "max_concurrent_tracks": {
        "factual": 50.0,
        "hallucinated": 50.0,
        "difference": 0.0,
        "percent_change": 0.0,
        "higher_in_hallucination": false
      }
    }
  },
  "track_analysis": {
    "factual": {
      "total_tracks": 67,
      "avg_lifespan": 8.955223880597014,
      "std_lifespan": 4.480247980279981,
      "max_activation": 125.44261169433594,
      "mean_activation": 37.131689996321995,