{
  "accuracy": 0.6333333333333333,
  "auroc": 0.6212500000000001,
  "precision": 0.4166666666666667,
  "recall": 0.25,
  "f1": 0.3125
}