{
  "accuracy": 0.6733333333333333,
  "auroc": 0.6145,
  "precision": 0.5238095238095238,
  "recall": 0.22,
  "f1": 0.30985915492957744
}