{
  "accuracy": 0.58,
  "auroc": 0.5203,
  "precision": 0.3488372093023256,
  "recall": 0.3,
  "f1": 0.3225806451612903
}