{
  "accuracy": 0.6,
  "auroc": 0.4388888888888889,
  "precision": 0.3333333333333333,
  "recall": 0.2,
  "f1": 0.25
}