{
  "accuracy": 0.7111111111111111,
  "auroc": 0.6122222222222223,
  "precision": 0.75,
  "recall": 0.2,
  "f1": 0.3157894736842105
}