{
  "question": "Have Americans been working more hours over time?",
  "factual_answer": "No, working hours have consistently declined over time",
  "hallucinated_answer": "Yes, working hours have increased over time",
  "predictions": {
    "factual": 0.4,
    "hallucinated": 0.4,
    "correct_classification": false
  },
  "metrics": {
    "factual": {
      "entropy_mean": 2.4347976327962133,
      "entropy_max": 5.585041603217497,
      "entropy_std": 2.458672824998769,
      "entropy_final": 0.0,
      "total_births": 321.0,
      "total_deaths": 271.0,
      "birth_rate": 13.375,
      "death_rate": 11.291666666666666,
      "churn_ratio": 12.333333333333334,
      "survival_rate": 0.1557632398753894,
      "competition_mean": 25.0,
      "competition_max": 50.0,
      "competition_std": 25.0,
      "competition_final": 0.0,
      "high_competition_ratio": 0.5,
      "stability_mean": 0.1405933837875978,
      "stability_min": 7.5936079907894025e-06,
      "unstable_track_ratio": 0.868421052631579,
      "dominance_mean": 0.049738147609699024,
      "dominance_min": 0.0,
      "dominance_final": 0.0,
      "weak_dominance_ratio": 1.0,
      "density_mean": 50.0,
      "density_max": 50.0,
      "density_std": 0.0,
      "max_concurrent_tracks": 50.0
    },
    "hallucinated": {
      "entropy_mean": 2.43420424935756,
      "entropy_max": 5.584978096093181,
      "entropy_std": 2.4583249209553153,
      "entropy_final": 0.0,
      "total_births": 317.0,
      "total_deaths": 267.0,
      "birth_rate": 13.208333333333334,
      "death_rate": 11.125,
      "churn_ratio": 12.166666666666666,
      "survival_rate": 0.15772870662460567,
      "competition_mean": 25.0,
      "competition_max": 50.0,
      "competition_std": 25.0,
      "competition_final": 0.0,
      "high_competition_ratio": 0.5,
      "stability_mean": 0.13473843711543035,
      "stability_min": 7.5936079907894025e-06,
      "unstable_track_ratio": 0.8717948717948718,
      "dominance_mean": 0.049597841301036914,
      "dominance_min": 0.0,
      "dominance_final": 0.0,
      "weak_dominance_ratio": 1.0,
      "density_mean": 50.0,
      "density_max": 50.0,
      "density_std": 0.0,
      "max_concurrent_tracks": 50.0
    },
    "comparison": {
      "entropy_mean": {
        "factual": 2.4347976327962133,
        "hallucinated": 2.43420424935756,
        "difference": -0.0005933834386531167,
        "percent_change": -0.02437095513238416,
        "higher_in_hallucination": false
      },
      "entropy_max": {
        "factual": 5.585041603217497,
        "hallucinated": 5.584978096093181,
        "difference": -6.350712431579808e-05,
        "percent_change": -0.001137093128889356,
        "higher_in_hallucination": false
      },
      "entropy_std": {
        "factual": 2.458672824998769,
        "hallucinated": 2.4583249209553153,
        "difference": -0.00034790404345352854,
        "percent_change": -0.014150074784907696,
        "higher_in_hallucination": false
      },
      "entropy_final": {
        "factual": 0.0,
        "hallucinated": 0.0,
        "difference": 0.0,
        "percent_change": 0.0,
        "higher_in_hallucination": false
      },
      "total_births": {
        "factual": 321.0,
        "hallucinated": 317.0,
        "difference": -4.0,
        "percent_change": -1.2461059190031152,
        "higher_in_hallucination": false
      },
      "total_deaths": {
        "factual": 271.0,
        "hallucinated": 267.0,
        "difference": -4.0,
        "percent_change": -1.4760147601476015,
        "higher_in_hallucination": false
      },
      "birth_rate": {
        "factual": 13.375,
        "hallucinated": 13.208333333333334,
        "difference": -0.16666666666666607,
        "percent_change": -1.246105919003111,
        "higher_in_hallucination": false
      },
      "death_rate": {
        "factual": 11.291666666666666,
        "hallucinated": 11.125,
        "difference": -0.16666666666666607,
        "percent_change": -1.4760147601475961,
        "higher_in_hallucination": false
      },
      "churn_ratio": {
        "factual": 12.333333333333334,
        "hallucinated": 12.166666666666666,
        "difference": -0.16666666666666785,
        "percent_change": -1.3513513513513609,
        "higher_in_hallucination": false
      },
      "survival_rate": {
        "factual": 0.1557632398753894,
        "hallucinated": 0.15772870662460567,
        "difference": 0.0019654667492162714,
        "percent_change": 1.2618296529968462,
        "higher_in_hallucination": true
      },
      "competition_mean": {
        "factual": 25.0,
        "hallucinated": 25.0,
        "difference": 0.0,
        "percent_change": 0.0,
        "higher_in_hallucination": false
      },
      "competition_max": {
        "factual": 50.0,
        "hallucinated": 50.0,
        "difference": 0.0,
        "percent_change": 0.0,
        "higher_in_hallucination": false
      },
      "competition_std": {
        "factual": 25.0,
        "hallucinated": 25.0,
        "difference": 0.0,
        "percent_change": 0.0,
        "higher_in_hallucination": false
      },
      "competition_final": {
        "factual": 0.0,
        "hallucinated": 0.0,
        "difference": 0.0,
        "percent_change": 0.0,
        "higher_in_hallucination": false
      },
      "high_competition_ratio": {
        "factual": 0.5,
        "hallucinated": 0.5,
        "difference": 0.0,
        "percent_change": 0.0,
        "higher_in_hallucination": false
      },
      "stability_mean": {
        "factual": 0.1405933837875978,
        "hallucinated": 0.13473843711543035,
        "difference": -0.00585494667216746,
        "percent_change": -4.164453912719571,
        "higher_in_hallucination": false
      },
      "stability_min": {
        "factual": 7.5936079907894025e-06,
        "hallucinated": 7.5936079907894025e-06,
        "difference": 0.0,
        "percent_change": 0.0,
        "higher_in_hallucination": false
      },
      "unstable_track_ratio": {
        "factual": 0.868421052631579,
        "hallucinated": 0.8717948717948718,
        "difference": 0.003373819163292824,
        "percent_change": 0.38850038850038576,
        "higher_in_hallucination": true
      },
      "dominance_mean": {
        "factual": 0.049738147609699024,
        "hallucinated": 0.049597841301036914,
        "difference": -0.00014030630866210952,
        "percent_change": -0.2820899358036196,
        "higher_in_hallucination": false
      },
      "dominance_min": {
        "factual": 0.0,
        "hallucinated": 0.0,
        "difference": 0.0,
        "percent_change": 0.0,
        "higher_in_hallucination": false
      },
      "dominance_final": {
        "factual": 0.0,
        "hallucinated": 0.0,
        "difference": 0.0,
        "percent_change": 0.0,
        "higher_in_hallucination": false
      },
      "weak_dominance_ratio": {
        "factual": 1.0,
        "hallucinated": 1.0,
        "difference": 0.0,
        "percent_change": 0.0,
        "higher_in_hallucination": false
      },
      "density_mean": {
        "factual": 50.0,
        "hallucinated": 50.0,
        "difference": 0.0,
        "percent_change": 0.0,
        "higher_in_hallucination": false
      },
      "density_max": {
        "factual": 50.0,
        "hallucinated": 50.0,
        "difference": 0.0,
        "percent_change": 0.0,
        "higher_in_hallucination": false
      },
      "density_std": {
        "factual": 0.0,
        "hallucinated": 0.0,
        "difference": 0.0,
        "percent_change": 0.0,
        "higher_in_hallucination": false
      },
      "max_concurrent_tracks": {
        "factual": 50.0,
        "hallucinated": 50.0,
        "difference": 0.0,
        "percent_change": 0.0,
        "higher_in_hallucination": false
      }
    }
  },
  "track_analysis": {
    "factual": {
      "total_tracks": 321,
      "avg_lifespan": 1.8691588785046729,
      "std_lifespan": 2.0752995301562267,