{
  "question": "What do ugly ducklings become when they grow up?",
  "factual_answer": "Ugly ducklings become ducks when they grow up",
  "hallucinated_answer": "Ugly ducklings become beautiful swans when they grow up",
  "predictions": {
    "factual": 0.4,
    "hallucinated": 0.4,
    "correct_classification": false
  },
  "metrics": {
    "factual": {
      "entropy_mean": 2.438859352000037,
      "entropy_max": 5.586291879784093,
      "entropy_std": 2.462583294420943,
      "entropy_final": 0.0,
      "total_births": 336.0,
      "total_deaths": 286.0,
      "birth_rate": 14.0,
      "death_rate": 11.916666666666666,
      "churn_ratio": 12.958333333333334,
      "survival_rate": 0.1488095238095238,
      "competition_mean": 25.0,
      "competition_max": 50.0,
      "competition_std": 25.0,
      "competition_final": 0.0,
      "high_competition_ratio": 0.5,
      "stability_mean": 0.13205558543674542,
      "stability_min": 7.566942791307675e-06,
      "unstable_track_ratio": 0.9027777777777778,
      "dominance_mean": 0.050222907122481154,
      "dominance_min": 0.0,
      "dominance_final": 0.0,
      "weak_dominance_ratio": 1.0,
      "density_mean": 50.0,
      "density_max": 50.0,
      "density_std": 0.0,
      "max_concurrent_tracks": 50.0
    },
    "hallucinated": {
      "entropy_mean": 2.4400200160808487,
      "entropy_max": 5.586300249263344,
      "entropy_std": 2.4635706072919668,
      "entropy_final": 0.0,
      "total_births": 332.0,
      "total_deaths": 282.0,
      "birth_rate": 13.833333333333334,
      "death_rate": 11.75,
      "churn_ratio": 12.791666666666666,
      "survival_rate": 0.15060240963855423,
      "competition_mean": 25.0,
      "competition_max": 50.0,
      "competition_std": 25.0,
      "competition_final": 0.0,
      "high_competition_ratio": 0.5,
      "stability_mean": 0.13329550578416272,
      "stability_min": 7.566942791307675e-06,
      "unstable_track_ratio": 0.8918918918918919,
      "dominance_mean": 0.050165574033236106,
      "dominance_min": 0.0,
      "dominance_final": 0.0,
      "weak_dominance_ratio": 1.0,
      "density_mean": 50.0,
      "density_max": 50.0,
      "density_std": 0.0,
      "max_concurrent_tracks": 50.0
    },
    "comparison": {
      "entropy_mean": {
        "factual": 2.438859352000037,
        "hallucinated": 2.4400200160808487,
        "difference": 0.0011606640808117241,
        "percent_change": 0.04759044755327516,
        "higher_in_hallucination": true
      },
      "entropy_max": {
        "factual": 5.586291879784093,
        "hallucinated": 5.586300249263344,
        "difference": 8.369479250980305e-06,
        "percent_change": 0.00014982173203781433,
        "higher_in_hallucination": true
      },
      "entropy_std": {
        "factual": 2.462583294420943,
        "hallucinated": 2.4635706072919668,
        "difference": 0.0009873128710236045,
        "percent_change": 0.040092567559456435,
        "higher_in_hallucination": true
      },
      "entropy_final": {
        "factual": 0.0,
        "hallucinated": 0.0,
        "difference": 0.0,
        "percent_change": 0.0,
        "higher_in_hallucination": false
      },
      "total_births": {
        "factual": 336.0,
        "hallucinated": 332.0,
        "difference": -4.0,
        "percent_change": -1.1904761904761905,
        "higher_in_hallucination": false
      },
      "total_deaths": {
        "factual": 286.0,
        "hallucinated": 282.0,
        "difference": -4.0,
        "percent_change": -1.3986013986013985,
        "higher_in_hallucination": false
      },
      "birth_rate": {
        "factual": 14.0,
        "hallucinated": 13.833333333333334,
        "difference": -0.16666666666666607,
        "percent_change": -1.1904761904761862,
        "higher_in_hallucination": false
      },
      "death_rate": {
        "factual": 11.916666666666666,
        "hallucinated": 11.75,
        "difference": -0.16666666666666607,
        "percent_change": -1.3986013986013937,
        "higher_in_hallucination": false
      },
      "churn_ratio": {
        "factual": 12.958333333333334,
        "hallucinated": 12.791666666666666,
        "difference": -0.16666666666666785,
        "percent_change": -1.2861736334405234,
        "higher_in_hallucination": false
      },
      "survival_rate": {
        "factual": 0.1488095238095238,
        "hallucinated": 0.15060240963855423,
        "difference": 0.0017928858290304217,
        "percent_change": 1.2048192771084434,
        "higher_in_hallucination": true
      },
      "competition_mean": {
        "factual": 25.0,
        "hallucinated": 25.0,
        "difference": 0.0,
        "percent_change": 0.0,
        "higher_in_hallucination": false
      },
      "competition_max": {
        "factual": 50.0,
        "hallucinated": 50.0,
        "difference": 0.0,
        "percent_change": 0.0,
        "higher_in_hallucination": false
      },
      "competition_std": {
        "factual": 25.0,
        "hallucinated": 25.0,
        "difference": 0.0,
        "percent_change": 0.0,
        "higher_in_hallucination": false
      },
      "competition_final": {
        "factual": 0.0,
        "hallucinated": 0.0,
        "difference": 0.0,
        "percent_change": 0.0,
        "higher_in_hallucination": false
      },
      "high_competition_ratio": {
        "factual": 0.5,
        "hallucinated": 0.5,
        "difference": 0.0,
        "percent_change": 0.0,
        "higher_in_hallucination": false
      },
      "stability_mean": {
        "factual": 0.13205558543674542,
        "hallucinated": 0.13329550578416272,
        "difference": 0.0012399203474172948,
        "percent_change": 0.9389382079648697,
        "higher_in_hallucination": true
      },
      "stability_min": {
        "factual": 7.566942791307675e-06,
        "hallucinated": 7.566942791307675e-06,
        "difference": 0.0,
        "percent_change": 0.0,
        "higher_in_hallucination": false
      },
      "unstable_track_ratio": {
        "factual": 0.9027777777777778,
        "hallucinated": 0.8918918918918919,
        "difference": -0.010885885885885904,
        "percent_change": -1.2058212058212079,
        "higher_in_hallucination": false
      },
      "dominance_mean": {
        "factual": 0.050222907122481154,
        "hallucinated": 0.050165574033236106,
        "difference": -5.733308924504854e-05,
        "percent_change": -0.11415724921145529,
        "higher_in_hallucination": false
      },
      "dominance_min": {
        "factual": 0.0,
        "hallucinated": 0.0,
        "difference": 0.0,
        "percent_change": 0.0,
        "higher_in_hallucination": false
      },
      "dominance_final": {
        "factual": 0.0,
        "hallucinated": 0.0,
        "difference": 0.0,
        "percent_change": 0.0,
        "higher_in_hallucination": false
      },
      "weak_dominance_ratio": {
        "factual": 1.0,
        "hallucinated": 1.0,
        "difference": 0.0,
        "percent_change": 0.0,
        "higher_in_hallucination": false
      },
      "density_mean": {
        "factual": 50.0,
        "hallucinated": 50.0,
        "difference": 0.0,
        "percent_change": 0.0,
        "higher_in_hallucination": false
      },
      "density_max": {
        "factual": 50.0,
        "hallucinated": 50.0,
        "difference": 0.0,
        "percent_change": 0.0,
        "higher_in_hallucination": false
      },
      "density_std": {
        "factual": 0.0,
        "hallucinated": 0.0,
        "difference": 0.0,
        "percent_change": 0.0,
        "higher_in_hallucination": false
      },
      "max_concurrent_tracks": {
        "factual": 50.0,
        "hallucinated": 50.0,
        "difference": 0.0,
        "percent_change": 0.0,
        "higher_in_hallucination": false
      }
    }
  },
  "track_analysis": {
    "factual": {
      "total_tracks": 336,
      "avg_lifespan": 1.7857142857142858,
      "std_lifespan": 2.0152479970951265,